mutation,label,seq
N37P,-3.694,MTYKLILNGKTLKGETTTEAVDAATAEKVFKQYANDPGVDGEWTYDDATKTFTVTE
A20P,-3.48,MTYKLILNGKTLKGETTTEPVDAATAEKVFKQYANDNGVDGEWTYDDATKTFTVTE
Y33G,-3.459,MTYKLILNGKTLKGETTTEAVDAATAEKVFKQGANDNGVDGEWTYDDATKTFTVTE
V39D,-3.414,MTYKLILNGKTLKGETTTEAVDAATAEKVFKQYANDNGDDGEWTYDDATKTFTVTE
T51D,-3.311,MTYKLILNGKTLKGETTTEAVDAATAEKVFKQYANDNGVDGEWTYDDATKDFTVTE
Y03L,-3.308,MTLKLILNGKTLKGETTTEAVDAATAEKVFKQYANDNGVDGEWTYDDATKTFTVTE
Y03I,-3.293,MTIKLILNGKTLKGETTTEAVDAATAEKVFKQYANDNGVDGEWTYDDATKTFTVTE
A34H,-3.191,MTYKLILNGKTLKGETTTEAVDAATAEKVFKQYHNDNGVDGEWTYDDATKTFTVTE
Y45K,-3.124,MTYKLILNGKTLKGETTTEAVDAATAEKVFKQYANDNGVDGEWTKDDATKTFTVTE
L07D,-3.108,MTYKLIDNGKTLKGETTTEAVDAATAEKVFKQYANDNGVDGEWTYDDATKTFTVTE
I06G,-3.076,MTYKLGLNGKTLKGETTTEAVDAATAEKVFKQYANDNGVDGEWTYDDATKTFTVTE
F30A,-3.04,MTYKLILNGKTLKGETTTEAVDAATAEKVAKQYANDNGVDGEWTYDDATKTFTVTE
F52V,-2.992,MTYKLILNGKTLKGETTTEAVDAATAEKVFKQYANDNGVDGEWTYDDATKTVTVTE
Y45S,-2.968,MTYKLILNGKTLKGETTTEAVDAATAEKVFKQYANDNGVDGEWTSDDATKTFTVTE
D22P,-2.932,MTYKLILNGKTLKGETTTEAVPAATAEKVFKQYANDNGVDGEWTYDDATKTFTVTE
A34R,-2.928,MTYKLILNGKTLKGETTTEAVDAATAEKVFKQYRNDNGVDGEWTYDDATKTFTVTE
V54Q,-2.905,MTYKLILNGKTLKGETTTEAVDAATAEKVFKQYANDNGVDGEWTYDDATKTFTQTE
L07P,-2.882,MTYKLIPNGKTLKGETTTEAVDAATAEKVFKQYANDNGVDGEWTYDDATKTFTVTE
A20N,-2.851,MTYKLILNGKTLKGETTTENVDAATAEKVFKQYANDNGVDGEWTYDDATKTFTVTE
A34K,-2.81,MTYKLILNGKTLKGETTTEAVDAATAEKVFKQYKNDNGVDGEWTYDDATKTFTVTE
L07E,-2.786,MTYKLIENGKTLKGETTTEAVDAATAEKVFKQYANDNGVDGEWTYDDATKTFTVTE
L07K,-2.762,MTYKLIKNGKTLKGETTTEAVDAATAEKVFKQYANDNGVDGEWTYDDATKTFTVTE
L05Y,-2.758,MTYKYILNGKTLKGETTTEAVDAATAEKVFKQYANDNGVDGEWTYDDATKTFTVTE
G38P,-2.741,MTYKLILNGKTLKGETTTEAVDAATAEKVFKQYANDNPVDGEWTYDDATKTFTVTE
V29P,-2.722,MTYKLILNGKTLKGETTTEAVDAATAEKPFKQYANDNGVDGEWTYDDATKTFTVTE
F52M,-2.706,MTYKLILNGKTLKGETTTEAVDAATAEKVFKQYANDNGVDGEWTYDDATKTMTVTE
D36P,-2.704,MTYKLILNGKTLKGETTTEAVDAATAEKVFKQYANPNGVDGEWTYDDATKTFTVTE
D46G,-2.667,MTYKLILNGKTLKGETTTEAVDAATAEKVFKQYANDNGVDGEWTYGDATKTFTVTE
V54D,-2.667,MTYKLILNGKTLKGETTTEAVDAATAEKVFKQYANDNGVDGEWTYDDATKTFTDTE
F52H,-2.656,MTYKLILNGKTLKGETTTEAVDAATAEKVFKQYANDNGVDGEWTYDDATKTHTVTE
A34E,-2.604,MTYKLILNGKTLKGETTTEAVDAATAEKVFKQYENDNGVDGEWTYDDATKTFTVTE
Y03M,-2.602,MTMKLILNGKTLKGETTTEAVDAATAEKVFKQYANDNGVDGEWTYDDATKTFTVTE
F30V,-2.531,MTYKLILNGKTLKGETTTEAVDAATAEKVVKQYANDNGVDGEWTYDDATKTFTVTE
F52L,-2.526,MTYKLILNGKTLKGETTTEAVDAATAEKVFKQYANDNGVDGEWTYDDATKTLTVTE
Y45V,-2.526,MTYKLILNGKTLKGETTTEAVDAATAEKVFKQYANDNGVDGEWTVDDATKTFTVTE
G09D,-2.502,MTYKLILNDKTLKGETTTEAVDAATAEKVFKQYANDNGVDGEWTYDDATKTFTVTE
Y45M,-2.494,MTYKLILNGKTLKGETTTEAVDAATAEKVFKQYANDNGVDGEWTMDDATKTFTVTE
G41Y,-2.488,MTYKLILNGKTLKGETTTEAVDAATAEKVFKQYANDNGVDYEWTYDDATKTFTVTE
T51G,-2.483,MTYKLILNGKTLKGETTTEAVDAATAEKVFKQYANDNGVDGEWTYDDATKGFTVTE
G41K,-2.411,MTYKLILNGKTLKGETTTEAVDAATAEKVFKQYANDNGVDKEWTYDDATKTFTVTE
A26V,-2.406,MTYKLILNGKTLKGETTTEAVDAATVEKVFKQYANDNGVDGEWTYDDATKTFTVTE
G09P,-2.381,MTYKLILNPKTLKGETTTEAVDAATAEKVFKQYANDNGVDGEWTYDDATKTFTVTE
A34Q,-2.332,MTYKLILNGKTLKGETTTEAVDAATAEKVFKQYQNDNGVDGEWTYDDATKTFTVTE
A26S,-2.33,MTYKLILNGKTLKGETTTEAVDAATSEKVFKQYANDNGVDGEWTYDDATKTFTVTE
G41F,-2.315,MTYKLILNGKTLKGETTTEAVDAATAEKVFKQYANDNGVDFEWTYDDATKTFTVTE
V39P,-2.31,MTYKLILNGKTLKGETTTEAVDAATAEKVFKQYANDNGPDGEWTYDDATKTFTVTE
V39G,-2.291,MTYKLILNGKTLKGETTTEAVDAATAEKVFKQYANDNGGDGEWTYDDATKTFTVTE
Y45I,-2.238,MTYKLILNGKTLKGETTTEAVDAATAEKVFKQYANDNGVDGEWTIDDATKTFTVTE
Y45R,-2.224,MTYKLILNGKTLKGETTTEAVDAATAEKVFKQYANDNGVDGEWTRDDATKTFTVTE
D22I,-2.207,MTYKLILNGKTLKGETTTEAVIAATAEKVFKQYANDNGVDGEWTYDDATKTFTVTE
T51N,-2.194,MTYKLILNGKTLKGETTTEAVDAATAEKVFKQYANDNGVDGEWTYDDATKNFTVTE
T51H,-2.158,MTYKLILNGKTLKGETTTEAVDAATAEKVFKQYANDNGVDGEWTYDDATKHFTVTE
T25P,-2.095,MTYKLILNGKTLKGETTTEAVDAAPAEKVFKQYANDNGVDGEWTYDDATKTFTVTE
Y33S,-2.087,MTYKLILNGKTLKGETTTEAVDAATAEKVFKQSANDNGVDGEWTYDDATKTFTVTE
T17P,-2.084,MTYKLILNGKTLKGETPTEAVDAATAEKVFKQYANDNGVDGEWTYDDATKTFTVTE
L07R,-2.072,MTYKLIRNGKTLKGETTTEAVDAATAEKVFKQYANDNGVDGEWTYDDATKTFTVTE
K04D,-2.054,MTYDLILNGKTLKGETTTEAVDAATAEKVFKQYANDNGVDGEWTYDDATKTFTVTE
V39R,-2.039,MTYKLILNGKTLKGETTTEAVDAATAEKVFKQYANDNGRDGEWTYDDATKTFTVTE
A20L,-2.032,MTYKLILNGKTLKGETTTELVDAATAEKVFKQYANDNGVDGEWTYDDATKTFTVTE
L05A,-2.013,MTYKAILNGKTLKGETTTEAVDAATAEKVFKQYANDNGVDGEWTYDDATKTFTVTE
A34Y,-1.998,MTYKLILNGKTLKGETTTEAVDAATAEKVFKQYYNDNGVDGEWTYDDATKTFTVTE
G09E,-1.997,MTYKLILNEKTLKGETTTEAVDAATAEKVFKQYANDNGVDGEWTYDDATKTFTVTE
T16P,-1.993,MTYKLILNGKTLKGEPTTEAVDAATAEKVFKQYANDNGVDGEWTYDDATKTFTVTE
E15P,-1.979,MTYKLILNGKTLKGPTTTEAVDAATAEKVFKQYANDNGVDGEWTYDDATKTFTVTE
I06D,-1.965,MTYKLDLNGKTLKGETTTEAVDAATAEKVFKQYANDNGVDGEWTYDDATKTFTVTE
V39K,-1.962,MTYKLILNGKTLKGETTTEAVDAATAEKVFKQYANDNGKDGEWTYDDATKTFTVTE
Y33N,-1.953,MTYKLILNGKTLKGETTTEAVDAATAEKVFKQNANDNGVDGEWTYDDATKTFTVTE
A20Y,-1.938,MTYKLILNGKTLKGETTTEYVDAATAEKVFKQYANDNGVDGEWTYDDATKTFTVTE
A20H,-1.914,MTYKLILNGKTLKGETTTEHVDAATAEKVFKQYANDNGVDGEWTYDDATKTFTVTE
V54A,-1.889,MTYKLILNGKTLKGETTTEAVDAATAEKVFKQYANDNGVDGEWTYDDATKTFTATE
A20I,-1.861,MTYKLILNGKTLKGETTTEIVDAATAEKVFKQYANDNGVDGEWTYDDATKTFTVTE
A34F,-1.853,MTYKLILNGKTLKGETTTEAVDAATAEKVFKQYFNDNGVDGEWTYDDATKTFTVTE
T51R,-1.846,MTYKLILNGKTLKGETTTEAVDAATAEKVFKQYANDNGVDGEWTYDDATKRFTVTE
D46A,-1.828,MTYKLILNGKTLKGETTTEAVDAATAEKVFKQYANDNGVDGEWTYADATKTFTVTE
L07S,-1.794,MTYKLISNGKTLKGETTTEAVDAATAEKVFKQYANDNGVDGEWTYDDATKTFTVTE
Y45L,-1.79,MTYKLILNGKTLKGETTTEAVDAATAEKVFKQYANDNGVDGEWTLDDATKTFTVTE
T18D,-1.787,MTYKLILNGKTLKGETTDEAVDAATAEKVFKQYANDNGVDGEWTYDDATKTFTVTE
Y33A,-1.774,MTYKLILNGKTLKGETTTEAVDAATAEKVFKQAANDNGVDGEWTYDDATKTFTVTE
A20K,-1.77,MTYKLILNGKTLKGETTTEKVDAATAEKVFKQYANDNGVDGEWTYDDATKTFTVTE
Y33E,-1.739,MTYKLILNGKTLKGETTTEAVDAATAEKVFKQEANDNGVDGEWTYDDATKTFTVTE
T18G,-1.735,MTYKLILNGKTLKGETTGEAVDAATAEKVFKQYANDNGVDGEWTYDDATKTFTVTE
A20F,-1.732,MTYKLILNGKTLKGETTTEFVDAATAEKVFKQYANDNGVDGEWTYDDATKTFTVTE
V54Y,-1.728,MTYKLILNGKTLKGETTTEAVDAATAEKVFKQYANDNGVDGEWTYDDATKTFTYTE
Y33R,-1.724,MTYKLILNGKTLKGETTTEAVDAATAEKVFKQRANDNGVDGEWTYDDATKTFTVTE
D40P,-1.723,MTYKLILNGKTLKGETTTEAVDAATAEKVFKQYANDNGVPGEWTYDDATKTFTVTE
F52P,-1.719,MTYKLILNGKTLKGETTTEAVDAATAEKVFKQYANDNGVDGEWTYDDATKTPTVTE
D46R,-1.716,MTYKLILNGKTLKGETTTEAVDAATAEKVFKQYANDNGVDGEWTYRDATKTFTVTE
T53D,-1.704,MTYKLILNGKTLKGETTTEAVDAATAEKVFKQYANDNGVDGEWTYDDATKTFDVTE
V39S,-1.696,MTYKLILNGKTLKGETTTEAVDAATAEKVFKQYANDNGSDGEWTYDDATKTFTVTE
V54T,-1.676,MTYKLILNGKTLKGETTTEAVDAATAEKVFKQYANDNGVDGEWTYDDATKTFTTTE
F30M,-1.663,MTYKLILNGKTLKGETTTEAVDAATAEKVMKQYANDNGVDGEWTYDDATKTFTVTE
L05P,-1.653,MTYKPILNGKTLKGETTTEAVDAATAEKVFKQYANDNGVDGEWTYDDATKTFTVTE
A20D,-1.646,MTYKLILNGKTLKGETTTEDVDAATAEKVFKQYANDNGVDGEWTYDDATKTFTVTE
Y33T,-1.641,MTYKLILNGKTLKGETTTEAVDAATAEKVFKQTANDNGVDGEWTYDDATKTFTVTE
E27N,-1.638,MTYKLILNGKTLKGETTTEAVDAATANKVFKQYANDNGVDGEWTYDDATKTFTVTE
V54F,-1.638,MTYKLILNGKTLKGETTTEAVDAATAEKVFKQYANDNGVDGEWTYDDATKTFTFTE
T51Y,-1.635,MTYKLILNGKTLKGETTTEAVDAATAEKVFKQYANDNGVDGEWTYDDATKYFTVTE
L07H,-1.591,MTYKLIHNGKTLKGETTTEAVDAATAEKVFKQYANDNGVDGEWTYDDATKTFTVTE
V39H,-1.566,MTYKLILNGKTLKGETTTEAVDAATAEKVFKQYANDNGHDGEWTYDDATKTFTVTE
V54S,-1.542,MTYKLILNGKTLKGETTTEAVDAATAEKVFKQYANDNGVDGEWTYDDATKTFTSTE
L07Q,-1.537,MTYKLIQNGKTLKGETTTEAVDAATAEKVFKQYANDNGVDGEWTYDDATKTFTVTE
Y33K,-1.525,MTYKLILNGKTLKGETTTEAVDAATAEKVFKQKANDNGVDGEWTYDDATKTFTVTE
K50I,-1.524,MTYKLILNGKTLKGETTTEAVDAATAEKVFKQYANDNGVDGEWTYDDATITFTVTE
V39Q,-1.52,MTYKLILNGKTLKGETTTEAVDAATAEKVFKQYANDNGQDGEWTYDDATKTFTVTE
E19G,-1.472,MTYKLILNGKTLKGETTTGAVDAATAEKVFKQYANDNGVDGEWTYDDATKTFTVTE
D22R,-1.47,MTYKLILNGKTLKGETTTEAVRAATAEKVFKQYANDNGVDGEWTYDDATKTFTVTE
A20R,-1.467,MTYKLILNGKTLKGETTTERVDAATAEKVFKQYANDNGVDGEWTYDDATKTFTVTE
A34G,-1.461,MTYKLILNGKTLKGETTTEAVDAATAEKVFKQYGNDNGVDGEWTYDDATKTFTVTE
A34N,-1.461,MTYKLILNGKTLKGETTTEAVDAATAEKVFKQYNNDNGVDGEWTYDDATKTFTVTE
N08P,-1.448,MTYKLILPGKTLKGETTTEAVDAATAEKVFKQYANDNGVDGEWTYDDATKTFTVTE
Y33H,-1.444,MTYKLILNGKTLKGETTTEAVDAATAEKVFKQHANDNGVDGEWTYDDATKTFTVTE
Y03G,-1.442,MTGKLILNGKTLKGETTTEAVDAATAEKVFKQYANDNGVDGEWTYDDATKTFTVTE
G38I,-1.439,MTYKLILNGKTLKGETTTEAVDAATAEKVFKQYANDNIVDGEWTYDDATKTFTVTE
A20M,-1.43,MTYKLILNGKTLKGETTTEMVDAATAEKVFKQYANDNGVDGEWTYDDATKTFTVTE
D22V,-1.426,MTYKLILNGKTLKGETTTEAVVAATAEKVFKQYANDNGVDGEWTYDDATKTFTVTE
L07A,-1.404,MTYKLIANGKTLKGETTTEAVDAATAEKVFKQYANDNGVDGEWTYDDATKTFTVTE
T51K,-1.384,MTYKLILNGKTLKGETTTEAVDAATAEKVFKQYANDNGVDGEWTYDDATKKFTVTE
I06S,-1.38,MTYKLSLNGKTLKGETTTEAVDAATAEKVFKQYANDNGVDGEWTYDDATKTFTVTE
K04E,-1.356,MTYELILNGKTLKGETTTEAVDAATAEKVFKQYANDNGVDGEWTYDDATKTFTVTE
D22M,-1.346,MTYKLILNGKTLKGETTTEAVMAATAEKVFKQYANDNGVDGEWTYDDATKTFTVTE
K50V,-1.345,MTYKLILNGKTLKGETTTEAVDAATAEKVFKQYANDNGVDGEWTYDDATVTFTVTE
L05I,-1.341,MTYKIILNGKTLKGETTTEAVDAATAEKVFKQYANDNGVDGEWTYDDATKTFTVTE
E56R,-1.339,MTYKLILNGKTLKGETTTEAVDAATAEKVFKQYANDNGVDGEWTYDDATKTFTVTR
Y33Q,-1.337,MTYKLILNGKTLKGETTTEAVDAATAEKVFKQQANDNGVDGEWTYDDATKTFTVTE
K50D,-1.329,MTYKLILNGKTLKGETTTEAVDAATAEKVFKQYANDNGVDGEWTYDDATDTFTVTE
D46Y,-1.309,MTYKLILNGKTLKGETTTEAVDAATAEKVFKQYANDNGVDGEWTYYDATKTFTVTE
G38V,-1.306,MTYKLILNGKTLKGETTTEAVDAATAEKVFKQYANDNVVDGEWTYDDATKTFTVTE
G09N,-1.29,MTYKLILNNKTLKGETTTEAVDAATAEKVFKQYANDNGVDGEWTYDDATKTFTVTE
V39T,-1.281,MTYKLILNGKTLKGETTTEAVDAATAEKVFKQYANDNGTDGEWTYDDATKTFTVTE
E42P,-1.255,MTYKLILNGKTLKGETTTEAVDAATAEKVFKQYANDNGVDGPWTYDDATKTFTVTE
I06A,-1.252,MTYKLALNGKTLKGETTTEAVDAATAEKVFKQYANDNGVDGEWTYDDATKTFTVTE
L05V,-1.251,MTYKVILNGKTLKGETTTEAVDAATAEKVFKQYANDNGVDGEWTYDDATKTFTVTE
L12P,-1.231,MTYKLILNGKTPKGETTTEAVDAATAEKVFKQYANDNGVDGEWTYDDATKTFTVTE
K28P,-1.23,MTYKLILNGKTLKGETTTEAVDAATAEPVFKQYANDNGVDGEWTYDDATKTFTVTE
K04G,-1.228,MTYGLILNGKTLKGETTTEAVDAATAEKVFKQYANDNGVDGEWTYDDATKTFTVTE
G09K,-1.227,MTYKLILNKKTLKGETTTEAVDAATAEKVFKQYANDNGVDGEWTYDDATKTFTVTE
G09H,-1.22,MTYKLILNHKTLKGETTTEAVDAATAEKVFKQYANDNGVDGEWTYDDATKTFTVTE
Y03R,-1.22,MTRKLILNGKTLKGETTTEAVDAATAEKVFKQYANDNGVDGEWTYDDATKTFTVTE
D22K,-1.217,MTYKLILNGKTLKGETTTEAVKAATAEKVFKQYANDNGVDGEWTYDDATKTFTVTE
T16G,-1.21,MTYKLILNGKTLKGEGTTEAVDAATAEKVFKQYANDNGVDGEWTYDDATKTFTVTE
D22Q,-1.206,MTYKLILNGKTLKGETTTEAVQAATAEKVFKQYANDNGVDGEWTYDDATKTFTVTE
T53A,-1.182,MTYKLILNGKTLKGETTTEAVDAATAEKVFKQYANDNGVDGEWTYDDATKTFAVTE
V39A,-1.181,MTYKLILNGKTLKGETTTEAVDAATAEKVFKQYANDNGADGEWTYDDATKTFTVTE
D22L,-1.175,MTYKLILNGKTLKGETTTEAVLAATAEKVFKQYANDNGVDGEWTYDDATKTFTVTE
K50T,-1.168,MTYKLILNGKTLKGETTTEAVDAATAEKVFKQYANDNGVDGEWTYDDATTTFTVTE
D22Y,-1.166,MTYKLILNGKTLKGETTTEAVYAATAEKVFKQYANDNGVDGEWTYDDATKTFTVTE
K31G,-1.156,MTYKLILNGKTLKGETTTEAVDAATAEKVFGQYANDNGVDGEWTYDDATKTFTVTE
L07T,-1.135,MTYKLITNGKTLKGETTTEAVDAATAEKVFKQYANDNGVDGEWTYDDATKTFTVTE
N37D,-1.124,MTYKLILNGKTLKGETTTEAVDAATAEKVFKQYANDDGVDGEWTYDDATKTFTVTE
A20G,-1.107,MTYKLILNGKTLKGETTTEGVDAATAEKVFKQYANDNGVDGEWTYDDATKTFTVTE
T51A,-1.098,MTYKLILNGKTLKGETTTEAVDAATAEKVFKQYANDNGVDGEWTYDDATKAFTVTE
K50E,-1.087,MTYKLILNGKTLKGETTTEAVDAATAEKVFKQYANDNGVDGEWTYDDATETFTVTE
D22A,-1.078,MTYKLILNGKTLKGETTTEAVAAATAEKVFKQYANDNGVDGEWTYDDATKTFTVTE
D22F,-1.075,MTYKLILNGKTLKGETTTEAVFAATAEKVFKQYANDNGVDGEWTYDDATKTFTVTE
I06H,-1.059,MTYKLHLNGKTLKGETTTEAVDAATAEKVFKQYANDNGVDGEWTYDDATKTFTVTE
E56H,-1.057,MTYKLILNGKTLKGETTTEAVDAATAEKVFKQYANDNGVDGEWTYDDATKTFTVTH
G09Q,-1.055,MTYKLILNQKTLKGETTTEAVDAATAEKVFKQYANDNGVDGEWTYDDATKTFTVTE
T17G,-1.053,MTYKLILNGKTLKGETGTEAVDAATAEKVFKQYANDNGVDGEWTYDDATKTFTVTE
Y45D,-1.05,MTYKLILNGKTLKGETTTEAVDAATAEKVFKQYANDNGVDGEWTDDDATKTFTVTE
T51L,-1.049,MTYKLILNGKTLKGETTTEAVDAATAEKVFKQYANDNGVDGEWTYDDATKLFTVTE
E56K,-1.043,MTYKLILNGKTLKGETTTEAVDAATAEKVFKQYANDNGVDGEWTYDDATKTFTVTK
T16D,-1.038,MTYKLILNGKTLKGEDTTEAVDAATAEKVFKQYANDNGVDGEWTYDDATKTFTVTE
E27T,-1.036,MTYKLILNGKTLKGETTTEAVDAATATKVFKQYANDNGVDGEWTYDDATKTFTVTE
T51Q,-1.033,MTYKLILNGKTLKGETTTEAVDAATAEKVFKQYANDNGVDGEWTYDDATKQFTVTE
D22G,-1.028,MTYKLILNGKTLKGETTTEAVGAATAEKVFKQYANDNGVDGEWTYDDATKTFTVTE
I06E,-1.028,MTYKLELNGKTLKGETTTEAVDAATAEKVFKQYANDNGVDGEWTYDDATKTFTVTE
T11P,-1.028,MTYKLILNGKPLKGETTTEAVDAATAEKVFKQYANDNGVDGEWTYDDATKTFTVTE
G38T,-1.006,MTYKLILNGKTLKGETTTEAVDAATAEKVFKQYANDNTVDGEWTYDDATKTFTVTE
K13P,-0.9935,MTYKLILNGKTLPGETTTEAVDAATAEKVFKQYANDNGVDGEWTYDDATKTFTVTE
D22H,-0.9863,MTYKLILNGKTLKGETTTEAVHAATAEKVFKQYANDNGVDGEWTYDDATKTFTVTE
T55G,-0.981,MTYKLILNGKTLKGETTTEAVDAATAEKVFKQYANDNGVDGEWTYDDATKTFTVGE
T51M,-0.9797,MTYKLILNGKTLKGETTTEAVDAATAEKVFKQYANDNGVDGEWTYDDATKMFTVTE
T53H,-0.9795,MTYKLILNGKTLKGETTTEAVDAATAEKVFKQYANDNGVDGEWTYDDATKTFHVTE
T18K,-0.9528,MTYKLILNGKTLKGETTKEAVDAATAEKVFKQYANDNGVDGEWTYDDATKTFTVTE
D36G,-0.9505,MTYKLILNGKTLKGETTTEAVDAATAEKVFKQYANGNGVDGEWTYDDATKTFTVTE
A20T,-0.9471,MTYKLILNGKTLKGETTTETVDAATAEKVFKQYANDNGVDGEWTYDDATKTFTVTE
N37G,-0.9364,MTYKLILNGKTLKGETTTEAVDAATAEKVFKQYANDGGVDGEWTYDDATKTFTVTE
E27V,-0.9147,MTYKLILNGKTLKGETTTEAVDAATAVKVFKQYANDNGVDGEWTYDDATKTFTVTE
T49G,-0.9138,MTYKLILNGKTLKGETTTEAVDAATAEKVFKQYANDNGVDGEWTYDDAGKTFTVTE
I06T,-0.9127,MTYKLTLNGKTLKGETTTEAVDAATAEKVFKQYANDNGVDGEWTYDDATKTFTVTE
V29G,-0.912,MTYKLILNGKTLKGETTTEAVDAATAEKGFKQYANDNGVDGEWTYDDATKTFTVTE
E42G,-0.8815,MTYKLILNGKTLKGETTTEAVDAATAEKVFKQYANDNGVDGGWTYDDATKTFTVTE
A20V,-0.8814,MTYKLILNGKTLKGETTTEVVDAATAEKVFKQYANDNGVDGEWTYDDATKTFTVTE
G09R,-0.8811,MTYKLILNRKTLKGETTTEAVDAATAEKVFKQYANDNGVDGEWTYDDATKTFTVTE
G14P,-0.8771,MTYKLILNGKTLKPETTTEAVDAATAEKVFKQYANDNGVDGEWTYDDATKTFTVTE
T18N,-0.8737,MTYKLILNGKTLKGETTNEAVDAATAEKVFKQYANDNGVDGEWTYDDATKTFTVTE
N08G,-0.8506,MTYKLILGGKTLKGETTTEAVDAATAEKVFKQYANDNGVDGEWTYDDATKTFTVTE
T49D,-0.8437,MTYKLILNGKTLKGETTTEAVDAATAEKVFKQYANDNGVDGEWTYDDADKTFTVTE
D46M,-0.8416,MTYKLILNGKTLKGETTTEAVDAATAEKVFKQYANDNGVDGEWTYMDATKTFTVTE
D46H,-0.8399,MTYKLILNGKTLKGETTTEAVDAATAEKVFKQYANDNGVDGEWTYHDATKTFTVTE
A23G,-0.8266,MTYKLILNGKTLKGETTTEAVDGATAEKVFKQYANDNGVDGEWTYDDATKTFTVTE
T49Y,-0.8254,MTYKLILNGKTLKGETTTEAVDAATAEKVFKQYANDNGVDGEWTYDDAYKTFTVTE
D22E,-0.8214,MTYKLILNGKTLKGETTTEAVEAATAEKVFKQYANDNGVDGEWTYDDATKTFTVTE
D46T,-0.8039,MTYKLILNGKTLKGETTTEAVDAATAEKVFKQYANDNGVDGEWTYTDATKTFTVTE
I06N,-0.7986,MTYKLNLNGKTLKGETTTEAVDAATAEKVFKQYANDNGVDGEWTYDDATKTFTVTE
K31E,-0.7792,MTYKLILNGKTLKGETTTEAVDAATAEKVFEQYANDNGVDGEWTYDDATKTFTVTE
E19P,-0.778,MTYKLILNGKTLKGETTTPAVDAATAEKVFKQYANDNGVDGEWTYDDATKTFTVTE
T18S,-0.778,MTYKLILNGKTLKGETTSEAVDAATAEKVFKQYANDNGVDGEWTYDDATKTFTVTE
T51E,-0.762,MTYKLILNGKTLKGETTTEAVDAATAEKVFKQYANDNGVDGEWTYDDATKEFTVTE
D47M,-0.7547,MTYKLILNGKTLKGETTTEAVDAATAEKVFKQYANDNGVDGEWTYDMATKTFTVTE
K31S,-0.7225,MTYKLILNGKTLKGETTTEAVDAATAEKVFSQYANDNGVDGEWTYDDATKTFTVTE
Y33L,-0.7223,MTYKLILNGKTLKGETTTEAVDAATAEKVFKQLANDNGVDGEWTYDDATKTFTVTE
E27D,-0.716,MTYKLILNGKTLKGETTTEAVDAATADKVFKQYANDNGVDGEWTYDDATKTFTVTE
T55A,-0.7046,MTYKLILNGKTLKGETTTEAVDAATAEKVFKQYANDNGVDGEWTYDDATKTFTVAE
T49F,-0.6914,MTYKLILNGKTLKGETTTEAVDAATAEKVFKQYANDNGVDGEWTYDDAFKTFTVTE
V54M,-0.6845,MTYKLILNGKTLKGETTTEAVDAATAEKVFKQYANDNGVDGEWTYDDATKTFTMTE
L12D,-0.6799,MTYKLILNGKTDKGETTTEAVDAATAEKVFKQYANDNGVDGEWTYDDATKTFTVTE
L05M,-0.6775,MTYKMILNGKTLKGETTTEAVDAATAEKVFKQYANDNGVDGEWTYDDATKTFTVTE
T18E,-0.6727,MTYKLILNGKTLKGETTEEAVDAATAEKVFKQYANDNGVDGEWTYDDATKTFTVTE
A34I,-0.6699,MTYKLILNGKTLKGETTTEAVDAATAEKVFKQYINDNGVDGEWTYDDATKTFTVTE
T02G,-0.668,MGYKLILNGKTLKGETTTEAVDAATAEKVFKQYANDNGVDGEWTYDDATKTFTVTE
I06R,-0.6629,MTYKLRLNGKTLKGETTTEAVDAATAEKVFKQYANDNGVDGEWTYDDATKTFTVTE
T55H,-0.662,MTYKLILNGKTLKGETTTEAVDAATAEKVFKQYANDNGVDGEWTYDDATKTFTVHE
E56P,-0.6575,MTYKLILNGKTLKGETTTEAVDAATAEKVFKQYANDNGVDGEWTYDDATKTFTVTP
T53N,-0.6512,MTYKLILNGKTLKGETTTEAVDAATAEKVFKQYANDNGVDGEWTYDDATKTFNVTE
T55K,-0.637,MTYKLILNGKTLKGETTTEAVDAATAEKVFKQYANDNGVDGEWTYDDATKTFTVKE
T51S,-0.6244,MTYKLILNGKTLKGETTTEAVDAATAEKVFKQYANDNGVDGEWTYDDATKSFTVTE
N08T,-0.6143,MTYKLILTGKTLKGETTTEAVDAATAEKVFKQYANDNGVDGEWTYDDATKTFTVTE
D46K,-0.6075,MTYKLILNGKTLKGETTTEAVDAATAEKVFKQYANDNGVDGEWTYKDATKTFTVTE
Y33M,-0.5996,MTYKLILNGKTLKGETTTEAVDAATAEKVFKQMANDNGVDGEWTYDDATKTFTVTE
G09I,-0.5926,MTYKLILNIKTLKGETTTEAVDAATAEKVFKQYANDNGVDGEWTYDDATKTFTVTE
T18Q,-0.5862,MTYKLILNGKTLKGETTQEAVDAATAEKVFKQYANDNGVDGEWTYDDATKTFTVTE
K31N,-0.5826,MTYKLILNGKTLKGETTTEAVDAATAEKVFNQYANDNGVDGEWTYDDATKTFTVTE
A20E,-0.582,MTYKLILNGKTLKGETTTEEVDAATAEKVFKQYANDNGVDGEWTYDDATKTFTVTE
I06Q,-0.5795,MTYKLQLNGKTLKGETTTEAVDAATAEKVFKQYANDNGVDGEWTYDDATKTFTVTE
D46I,-0.5677,MTYKLILNGKTLKGETTTEAVDAATAEKVFKQYANDNGVDGEWTYIDATKTFTVTE
T49A,-0.5603,MTYKLILNGKTLKGETTTEAVDAATAEKVFKQYANDNGVDGEWTYDDAAKTFTVTE
T02D,-0.5538,MDYKLILNGKTLKGETTTEAVDAATAEKVFKQYANDNGVDGEWTYDDATKTFTVTE
G09M,-0.5478,MTYKLILNMKTLKGETTTEAVDAATAEKVFKQYANDNGVDGEWTYDDATKTFTVTE
G09Y,-0.5363,MTYKLILNYKTLKGETTTEAVDAATAEKVFKQYANDNGVDGEWTYDDATKTFTVTE
A34S,-0.5321,MTYKLILNGKTLKGETTTEAVDAATAEKVFKQYSNDNGVDGEWTYDDATKTFTVTE
D46L,-0.5259,MTYKLILNGKTLKGETTTEAVDAATAEKVFKQYANDNGVDGEWTYLDATKTFTVTE
D46F,-0.5241,MTYKLILNGKTLKGETTTEAVDAATAEKVFKQYANDNGVDGEWTYFDATKTFTVTE
D46V,-0.5117,MTYKLILNGKTLKGETTTEAVDAATAEKVFKQYANDNGVDGEWTYVDATKTFTVTE
F30D,-0.5043,MTYKLILNGKTLKGETTTEAVDAATAEKVDKQYANDNGVDGEWTYDDATKTFTVTE
T51V,-0.5016,MTYKLILNGKTLKGETTTEAVDAATAEKVFKQYANDNGVDGEWTYDDATKVFTVTE
I06M,-0.5008,MTYKLMLNGKTLKGETTTEAVDAATAEKVFKQYANDNGVDGEWTYDDATKTFTVTE
T49V,-0.499,MTYKLILNGKTLKGETTTEAVDAATAEKVFKQYANDNGVDGEWTYDDAVKTFTVTE
K10D,-0.4953,MTYKLILNGDTLKGETTTEAVDAATAEKVFKQYANDNGVDGEWTYDDATKTFTVTE
K31T,-0.4844,MTYKLILNGKTLKGETTTEAVDAATAEKVFTQYANDNGVDGEWTYDDATKTFTVTE
K31Y,-0.4829,MTYKLILNGKTLKGETTTEAVDAATAEKVFYQYANDNGVDGEWTYDDATKTFTVTE
F30L,-0.4824,MTYKLILNGKTLKGETTTEAVDAATAEKVLKQYANDNGVDGEWTYDDATKTFTVTE
T55M,-0.4753,MTYKLILNGKTLKGETTTEAVDAATAEKVFKQYANDNGVDGEWTYDDATKTFTVME
T49H,-0.4735,MTYKLILNGKTLKGETTTEAVDAATAEKVFKQYANDNGVDGEWTYDDAHKTFTVTE
I06K,-0.4732,MTYKLKLNGKTLKGETTTEAVDAATAEKVFKQYANDNGVDGEWTYDDATKTFTVTE
T02A,-0.4704,MAYKLILNGKTLKGETTTEAVDAATAEKVFKQYANDNGVDGEWTYDDATKTFTVTE
L05F,-0.4703,MTYKFILNGKTLKGETTTEAVDAATAEKVFKQYANDNGVDGEWTYDDATKTFTVTE
T49R,-0.4665,MTYKLILNGKTLKGETTTEAVDAATAEKVFKQYANDNGVDGEWTYDDARKTFTVTE
G38M,-0.4658,MTYKLILNGKTLKGETTTEAVDAATAEKVFKQYANDNMVDGEWTYDDATKTFTVTE
K13D,-0.4547,MTYKLILNGKTLDGETTTEAVDAATAEKVFKQYANDNGVDGEWTYDDATKTFTVTE
A34M,-0.4539,MTYKLILNGKTLKGETTTEAVDAATAEKVFKQYMNDNGVDGEWTYDDATKTFTVTE
T49M,-0.4494,MTYKLILNGKTLKGETTTEAVDAATAEKVFKQYANDNGVDGEWTYDDAMKTFTVTE
T53K,-0.4461,MTYKLILNGKTLKGETTTEAVDAATAEKVFKQYANDNGVDGEWTYDDATKTFKVTE
T18R,-0.442,MTYKLILNGKTLKGETTREAVDAATAEKVFKQYANDNGVDGEWTYDDATKTFTVTE
A23D,-0.4388,MTYKLILNGKTLKGETTTEAVDDATAEKVFKQYANDNGVDGEWTYDDATKTFTVTE
Y33V,-0.4381,MTYKLILNGKTLKGETTTEAVDAATAEKVFKQVANDNGVDGEWTYDDATKTFTVTE
D22T,-0.4365,MTYKLILNGKTLKGETTTEAVTAATAEKVFKQYANDNGVDGEWTYDDATKTFTVTE
K31A,-0.4356,MTYKLILNGKTLKGETTTEAVDAATAEKVFAQYANDNGVDGEWTYDDATKTFTVTE
T53S,-0.4351,MTYKLILNGKTLKGETTTEAVDAATAEKVFKQYANDNGVDGEWTYDDATKTFSVTE
G38Y,-0.4339,MTYKLILNGKTLKGETTTEAVDAATAEKVFKQYANDNYVDGEWTYDDATKTFTVTE
T18H,-0.4238,MTYKLILNGKTLKGETTHEAVDAATAEKVFKQYANDNGVDGEWTYDDATKTFTVTE
V39Y,-0.4204,MTYKLILNGKTLKGETTTEAVDAATAEKVFKQYANDNGYDGEWTYDDATKTFTVTE
Q32G,-0.419,MTYKLILNGKTLKGETTTEAVDAATAEKVFKGYANDNGVDGEWTYDDATKTFTVTE
G38R,-0.4179,MTYKLILNGKTLKGETTTEAVDAATAEKVFKQYANDNRVDGEWTYDDATKTFTVTE
G09V,-0.4168,MTYKLILNVKTLKGETTTEAVDAATAEKVFKQYANDNGVDGEWTYDDATKTFTVTE
Q32Y,-0.3905,MTYKLILNGKTLKGETTTEAVDAATAEKVFKYYANDNGVDGEWTYDDATKTFTVTE
T49Q,-0.389,MTYKLILNGKTLKGETTTEAVDAATAEKVFKQYANDNGVDGEWTYDDAQKTFTVTE
A24H,-0.3865,MTYKLILNGKTLKGETTTEAVDAHTAEKVFKQYANDNGVDGEWTYDDATKTFTVTE
D46Q,-0.3826,MTYKLILNGKTLKGETTTEAVDAATAEKVFKQYANDNGVDGEWTYQDATKTFTVTE
A34T,-0.3816,MTYKLILNGKTLKGETTTEAVDAATAEKVFKQYTNDNGVDGEWTYDDATKTFTVTE
T53L,-0.3705,MTYKLILNGKTLKGETTTEAVDAATAEKVFKQYANDNGVDGEWTYDDATKTFLVTE
E27S,-0.3593,MTYKLILNGKTLKGETTTEAVDAATASKVFKQYANDNGVDGEWTYDDATKTFTVTE
T55E,-0.3561,MTYKLILNGKTLKGETTTEAVDAATAEKVFKQYANDNGVDGEWTYDDATKTFTVEE
K13G,-0.3534,MTYKLILNGKTLGGETTTEAVDAATAEKVFKQYANDNGVDGEWTYDDATKTFTVTE
K10G,-0.3507,MTYKLILNGGTLKGETTTEAVDAATAEKVFKQYANDNGVDGEWTYDDATKTFTVTE
T53Q,-0.3506,MTYKLILNGKTLKGETTTEAVDAATAEKVFKQYANDNGVDGEWTYDDATKTFQVTE
T49E,-0.3464,MTYKLILNGKTLKGETTTEAVDAATAEKVFKQYANDNGVDGEWTYDDAEKTFTVTE
T25I,-0.3458,MTYKLILNGKTLKGETTTEAVDAAIAEKVFKQYANDNGVDGEWTYDDATKTFTVTE
F52Y,-0.3431,MTYKLILNGKTLKGETTTEAVDAATAEKVFKQYANDNGVDGEWTYDDATKTYTVTE
K04A,-0.3378,MTYALILNGKTLKGETTTEAVDAATAEKVFKQYANDNGVDGEWTYDDATKTFTVTE
D47L,-0.3316,MTYKLILNGKTLKGETTTEAVDAATAEKVFKQYANDNGVDGEWTYDLATKTFTVTE
T55D,-0.3296,MTYKLILNGKTLKGETTTEAVDAATAEKVFKQYANDNGVDGEWTYDDATKTFTVDE
T49I,-0.3294,MTYKLILNGKTLKGETTTEAVDAATAEKVFKQYANDNGVDGEWTYDDAIKTFTVTE
Q32F,-0.3163,MTYKLILNGKTLKGETTTEAVDAATAEKVFKFYANDNGVDGEWTYDDATKTFTVTE
T17D,-0.3162,MTYKLILNGKTLKGETDTEAVDAATAEKVFKQYANDNGVDGEWTYDDATKTFTVTE
E56G,-0.3161,MTYKLILNGKTLKGETTTEAVDAATAEKVFKQYANDNGVDGEWTYDDATKTFTVTG
T51I,-0.3024,MTYKLILNGKTLKGETTTEAVDAATAEKVFKQYANDNGVDGEWTYDDATKIFTVTE
T55L,-0.2955,MTYKLILNGKTLKGETTTEAVDAATAEKVFKQYANDNGVDGEWTYDDATKTFTVLE
G38A,-0.2928,MTYKLILNGKTLKGETTTEAVDAATAEKVFKQYANDNAVDGEWTYDDATKTFTVTE
K50S,-0.2897,MTYKLILNGKTLKGETTTEAVDAATAEKVFKQYANDNGVDGEWTYDDATSTFTVTE
E56M,-0.2874,MTYKLILNGKTLKGETTTEAVDAATAEKVFKQYANDNGVDGEWTYDDATKTFTVTM
L12G,-0.2833,MTYKLILNGKTGKGETTTEAVDAATAEKVFKQYANDNGVDGEWTYDDATKTFTVTE
N08A,-0.2819,MTYKLILAGKTLKGETTTEAVDAATAEKVFKQYANDNGVDGEWTYDDATKTFTVTE
F30R,-0.2781,MTYKLILNGKTLKGETTTEAVDAATAEKVRKQYANDNGVDGEWTYDDATKTFTVTE
L12A,-0.2752,MTYKLILNGKTAKGETTTEAVDAATAEKVFKQYANDNGVDGEWTYDDATKTFTVTE
V39M,-0.2731,MTYKLILNGKTLKGETTTEAVDAATAEKVFKQYANDNGMDGEWTYDDATKTFTVTE
V39E,-0.273,MTYKLILNGKTLKGETTTEAVDAATAEKVFKQYANDNGEDGEWTYDDATKTFTVTE
T02P,-0.2721,MPYKLILNGKTLKGETTTEAVDAATAEKVFKQYANDNGVDGEWTYDDATKTFTVTE
K04V,-0.2696,MTYVLILNGKTLKGETTTEAVDAATAEKVFKQYANDNGVDGEWTYDDATKTFTVTE
T53R,-0.2691,MTYKLILNGKTLKGETTTEAVDAATAEKVFKQYANDNGVDGEWTYDDATKTFRVTE
G09A,-0.2526,MTYKLILNAKTLKGETTTEAVDAATAEKVFKQYANDNGVDGEWTYDDATKTFTVTE
E15H,-0.2518,MTYKLILNGKTLKGHTTTEAVDAATAEKVFKQYANDNGVDGEWTYDDATKTFTVTE
E56V,-0.2482,MTYKLILNGKTLKGETTTEAVDAATAEKVFKQYANDNGVDGEWTYDDATKTFTVTV
L12E,-0.2471,MTYKLILNGKTEKGETTTEAVDAATAEKVFKQYANDNGVDGEWTYDDATKTFTVTE
T53E,-0.2464,MTYKLILNGKTLKGETTTEAVDAATAEKVFKQYANDNGVDGEWTYDDATKTFEVTE
F52I,-0.2429,MTYKLILNGKTLKGETTTEAVDAATAEKVFKQYANDNGVDGEWTYDDATKTITVTE
T55I,-0.2417,MTYKLILNGKTLKGETTTEAVDAATAEKVFKQYANDNGVDGEWTYDDATKTFTVIE
A24N,-0.2393,MTYKLILNGKTLKGETTTEAVDANTAEKVFKQYANDNGVDGEWTYDDATKTFTVTE
K50G,-0.2322,MTYKLILNGKTLKGETTTEAVDAATAEKVFKQYANDNGVDGEWTYDDATGTFTVTE
T16E,-0.2312,MTYKLILNGKTLKGEETTEAVDAATAEKVFKQYANDNGVDGEWTYDDATKTFTVTE
T55V,-0.2301,MTYKLILNGKTLKGETTTEAVDAATAEKVFKQYANDNGVDGEWTYDDATKTFTVVE
V29N,-0.2247,MTYKLILNGKTLKGETTTEAVDAATAEKNFKQYANDNGVDGEWTYDDATKTFTVTE
V29D,-0.2208,MTYKLILNGKTLKGETTTEAVDAATAEKDFKQYANDNGVDGEWTYDDATKTFTVTE
E15G,-0.219,MTYKLILNGKTLKGGTTTEAVDAATAEKVFKQYANDNGVDGEWTYDDATKTFTVTE
K31F,-0.2177,MTYKLILNGKTLKGETTTEAVDAATAEKVFFQYANDNGVDGEWTYDDATKTFTVTE
K04L,-0.2145,MTYLLILNGKTLKGETTTEAVDAATAEKVFKQYANDNGVDGEWTYDDATKTFTVTE
I06Y,-0.21,MTYKLYLNGKTLKGETTTEAVDAATAEKVFKQYANDNGVDGEWTYDDATKTFTVTE
T17A,-0.2098,MTYKLILNGKTLKGETATEAVDAATAEKVFKQYANDNGVDGEWTYDDATKTFTVTE
K04N,-0.2063,MTYNLILNGKTLKGETTTEAVDAATAEKVFKQYANDNGVDGEWTYDDATKTFTVTE
E56T,-0.2044,MTYKLILNGKTLKGETTTEAVDAATAEKVFKQYANDNGVDGEWTYDDATKTFTVTT
A20S,-0.2021,MTYKLILNGKTLKGETTTESVDAATAEKVFKQYANDNGVDGEWTYDDATKTFTVTE
D36T,-0.2012,MTYKLILNGKTLKGETTTEAVDAATAEKVFKQYANTNGVDGEWTYDDATKTFTVTE
D46S,-0.1975,MTYKLILNGKTLKGETTTEAVDAATAEKVFKQYANDNGVDGEWTYSDATKTFTVTE
G38F,-0.1966,MTYKLILNGKTLKGETTTEAVDAATAEKVFKQYANDNFVDGEWTYDDATKTFTVTE
A23H,-0.1959,MTYKLILNGKTLKGETTTEAVDHATAEKVFKQYANDNGVDGEWTYDDATKTFTVTE
Q32H,-0.1958,MTYKLILNGKTLKGETTTEAVDAATAEKVFKHYANDNGVDGEWTYDDATKTFTVTE
T55F,-0.1949,MTYKLILNGKTLKGETTTEAVDAATAEKVFKQYANDNGVDGEWTYDDATKTFTVFE
A23N,-0.1944,MTYKLILNGKTLKGETTTEAVDNATAEKVFKQYANDNGVDGEWTYDDATKTFTVTE
K50A,-0.1937,MTYKLILNGKTLKGETTTEAVDAATAEKVFKQYANDNGVDGEWTYDDATATFTVTE
E15D,-0.1927,MTYKLILNGKTLKGDTTTEAVDAATAEKVFKQYANDNGVDGEWTYDDATKTFTVTE
A24P,-0.1859,MTYKLILNGKTLKGETTTEAVDAPTAEKVFKQYANDNGVDGEWTYDDATKTFTVTE
E56A,-0.1844,MTYKLILNGKTLKGETTTEAVDAATAEKVFKQYANDNGVDGEWTYDDATKTFTVTA
T44G,-0.1777,MTYKLILNGKTLKGETTTEAVDAATAEKVFKQYANDNGVDGEWGYDDATKTFTVTE
K10P,-0.177,MTYKLILNGPTLKGETTTEAVDAATAEKVFKQYANDNGVDGEWTYDDATKTFTVTE
D47H,-0.1733,MTYKLILNGKTLKGETTTEAVDAATAEKVFKQYANDNGVDGEWTYDHATKTFTVTE
G38S,-0.1732,MTYKLILNGKTLKGETTTEAVDAATAEKVFKQYANDNSVDGEWTYDDATKTFTVTE
K04Q,-0.1725,MTYQLILNGKTLKGETTTEAVDAATAEKVFKQYANDNGVDGEWTYDDATKTFTVTE
V29S,-0.1711,MTYKLILNGKTLKGETTTEAVDAATAEKSFKQYANDNGVDGEWTYDDATKTFTVTE
E56S,-0.1691,MTYKLILNGKTLKGETTTEAVDAATAEKVFKQYANDNGVDGEWTYDDATKTFTVTS
D40G,-0.1589,MTYKLILNGKTLKGETTTEAVDAATAEKVFKQYANDNGVGGEWTYDDATKTFTVTE
T02N,-0.1427,MNYKLILNGKTLKGETTTEAVDAATAEKVFKQYANDNGVDGEWTYDDATKTFTVTE
T16N,-0.1421,MTYKLILNGKTLKGENTTEAVDAATAEKVFKQYANDNGVDGEWTYDDATKTFTVTE
E56L,-0.1419,MTYKLILNGKTLKGETTTEAVDAATAEKVFKQYANDNGVDGEWTYDDATKTFTVTL
Y33I,-0.1415,MTYKLILNGKTLKGETTTEAVDAATAEKVFKQIANDNGVDGEWTYDDATKTFTVTE
A23P,-0.1395,MTYKLILNGKTLKGETTTEAVDPATAEKVFKQYANDNGVDGEWTYDDATKTFTVTE
T55Y,-0.1379,MTYKLILNGKTLKGETTTEAVDAATAEKVFKQYANDNGVDGEWTYDDATKTFTVYE
G38E,-0.1315,MTYKLILNGKTLKGETTTEAVDAATAEKVFKQYANDNEVDGEWTYDDATKTFTVTE
T55R,-0.131,MTYKLILNGKTLKGETTTEAVDAATAEKVFKQYANDNGVDGEWTYDDATKTFTVRE
T02H,-0.1303,MHYKLILNGKTLKGETTTEAVDAATAEKVFKQYANDNGVDGEWTYDDATKTFTVTE
Q32V,-0.1299,MTYKLILNGKTLKGETTTEAVDAATAEKVFKVYANDNGVDGEWTYDDATKTFTVTE
K10S,-0.1296,MTYKLILNGSTLKGETTTEAVDAATAEKVFKQYANDNGVDGEWTYDDATKTFTVTE
T17N,-0.1293,MTYKLILNGKTLKGETNTEAVDAATAEKVFKQYANDNGVDGEWTYDDATKTFTVTE
A48G,-0.1165,MTYKLILNGKTLKGETTTEAVDAATAEKVFKQYANDNGVDGEWTYDDGTKTFTVTE
T44M,-0.1149,MTYKLILNGKTLKGETTTEAVDAATAEKVFKQYANDNGVDGEWMYDDATKTFTVTE
I06L,-0.1139,MTYKLLLNGKTLKGETTTEAVDAATAEKVFKQYANDNGVDGEWTYDDATKTFTVTE
T53V,-0.1104,MTYKLILNGKTLKGETTTEAVDAATAEKVFKQYANDNGVDGEWTYDDATKTFVVTE
E56D,-0.1048,MTYKLILNGKTLKGETTTEAVDAATAEKVFKQYANDNGVDGEWTYDDATKTFTVTD
I06F,-0.1041,MTYKLFLNGKTLKGETTTEAVDAATAEKVFKQYANDNGVDGEWTYDDATKTFTVTE
T44V,-0.1041,MTYKLILNGKTLKGETTTEAVDAATAEKVFKQYANDNGVDGEWVYDDATKTFTVTE
T25V,-0.09562,MTYKLILNGKTLKGETTTEAVDAAVAEKVFKQYANDNGVDGEWTYDDATKTFTVTE
D36H,-0.09497,MTYKLILNGKTLKGETTTEAVDAATAEKVFKQYANHNGVDGEWTYDDATKTFTVTE
E19V,-0.09325,MTYKLILNGKTLKGETTTVAVDAATAEKVFKQYANDNGVDGEWTYDDATKTFTVTE
T25K,-0.08343,MTYKLILNGKTLKGETTTEAVDAAKAEKVFKQYANDNGVDGEWTYDDATKTFTVTE
A48H,-0.08335,MTYKLILNGKTLKGETTTEAVDAATAEKVFKQYANDNGVDGEWTYDDHTKTFTVTE
T17K,-0.0832,MTYKLILNGKTLKGETKTEAVDAATAEKVFKQYANDNGVDGEWTYDDATKTFTVTE
V54L,-0.07873,MTYKLILNGKTLKGETTTEAVDAATAEKVFKQYANDNGVDGEWTYDDATKTFTLTE
T17L,-0.06769,MTYKLILNGKTLKGETLTEAVDAATAEKVFKQYANDNGVDGEWTYDDATKTFTVTE
D47T,-0.06607,MTYKLILNGKTLKGETTTEAVDAATAEKVFKQYANDNGVDGEWTYDTATKTFTVTE
T44D,-0.06051,MTYKLILNGKTLKGETTTEAVDAATAEKVFKQYANDNGVDGEWDYDDATKTFTVTE
T25L,-0.05998,MTYKLILNGKTLKGETTTEAVDAALAEKVFKQYANDNGVDGEWTYDDATKTFTVTE
L12S,-0.0594,MTYKLILNGKTSKGETTTEAVDAATAEKVFKQYANDNGVDGEWTYDDATKTFTVTE
D36F,-0.05938,MTYKLILNGKTLKGETTTEAVDAATAEKVFKQYANFNGVDGEWTYDDATKTFTVTE
K13L,-0.05833,MTYKLILNGKTLLGETTTEAVDAATAEKVFKQYANDNGVDGEWTYDDATKTFTVTE
T53I,-0.0538,MTYKLILNGKTLKGETTTEAVDAATAEKVFKQYANDNGVDGEWTYDDATKTFIVTE
Y45F,-0.05214,MTYKLILNGKTLKGETTTEAVDAATAEKVFKQYANDNGVDGEWTFDDATKTFTVTE
K50M,-0.05043,MTYKLILNGKTLKGETTTEAVDAATAEKVFKQYANDNGVDGEWTYDDATMTFTVTE
D46E,-0.0487,MTYKLILNGKTLKGETTTEAVDAATAEKVFKQYANDNGVDGEWTYEDATKTFTVTE
T17H,-0.04852,MTYKLILNGKTLKGETHTEAVDAATAEKVFKQYANDNGVDGEWTYDDATKTFTVTE
N08S,-0.04427,MTYKLILSGKTLKGETTTEAVDAATAEKVFKQYANDNGVDGEWTYDDATKTFTVTE
T55Q,-0.03916,MTYKLILNGKTLKGETTTEAVDAATAEKVFKQYANDNGVDGEWTYDDATKTFTVQE
A48M,-0.03654,MTYKLILNGKTLKGETTTEAVDAATAEKVFKQYANDNGVDGEWTYDDMTKTFTVTE
T49K,-0.03498,MTYKLILNGKTLKGETTTEAVDAATAEKVFKQYANDNGVDGEWTYDDAKKTFTVTE
L07Y,-0.02215,MTYKLIYNGKTLKGETTTEAVDAATAEKVFKQYANDNGVDGEWTYDDATKTFTVTE
T53F,-0.01734,MTYKLILNGKTLKGETTTEAVDAATAEKVFKQYANDNGVDGEWTYDDATKTFFVTE
Q32N,-0.01396,MTYKLILNGKTLKGETTTEAVDAATAEKVFKNYANDNGVDGEWTYDDATKTFTVTE
T11G,-0.01076,MTYKLILNGKGLKGETTTEAVDAATAEKVFKQYANDNGVDGEWTYDDATKTFTVTE
N08E,-0.007481,MTYKLILEGKTLKGETTTEAVDAATAEKVFKQYANDNGVDGEWTYDDATKTFTVTE
K28G,-0.007366,MTYKLILNGKTLKGETTTEAVDAATAEGVFKQYANDNGVDGEWTYDDATKTFTVTE
D47V,-0.00552,MTYKLILNGKTLKGETTTEAVDAATAEKVFKQYANDNGVDGEWTYDVATKTFTVTE
T44N,-0.002354,MTYKLILNGKTLKGETTTEAVDAATAEKVFKQYANDNGVDGEWNYDDATKTFTVTE
G09F,0.00246,MTYKLILNFKTLKGETTTEAVDAATAEKVFKQYANDNGVDGEWTYDDATKTFTVTE
N37E,0.003751,MTYKLILNGKTLKGETTTEAVDAATAEKVFKQYANDEGVDGEWTYDDATKTFTVTE
A48F,0.004024,MTYKLILNGKTLKGETTTEAVDAATAEKVFKQYANDNGVDGEWTYDDFTKTFTVTE
E27G,0.005568,MTYKLILNGKTLKGETTTEAVDAATAGKVFKQYANDNGVDGEWTYDDATKTFTVTE
E42S,0.005709,MTYKLILNGKTLKGETTTEAVDAATAEKVFKQYANDNGVDGSWTYDDATKTFTVTE
T16S,0.007023,MTYKLILNGKTLKGESTTEAVDAATAEKVFKQYANDNGVDGEWTYDDATKTFTVTE
K13N,0.01071,MTYKLILNGKTLNGETTTEAVDAATAEKVFKQYANDNGVDGEWTYDDATKTFTVTE
E15T,0.01162,MTYKLILNGKTLKGTTTTEAVDAATAEKVFKQYANDNGVDGEWTYDDATKTFTVTE
A48P,0.01175,MTYKLILNGKTLKGETTTEAVDAATAEKVFKQYANDNGVDGEWTYDDPTKTFTVTE
A34V,0.01522,MTYKLILNGKTLKGETTTEAVDAATAEKVFKQYVNDNGVDGEWTYDDATKTFTVTE
T25N,0.01742,MTYKLILNGKTLKGETTTEAVDAANAEKVFKQYANDNGVDGEWTYDDATKTFTVTE
E56I,0.01867,MTYKLILNGKTLKGETTTEAVDAATAEKVFKQYANDNGVDGEWTYDDATKTFTVTI
E19H,0.01886,MTYKLILNGKTLKGETTTHAVDAATAEKVFKQYANDNGVDGEWTYDDATKTFTVTE
K13E,0.02498,MTYKLILNGKTLEGETTTEAVDAATAEKVFKQYANDNGVDGEWTYDDATKTFTVTE
G14N,0.02504,MTYKLILNGKTLKNETTTEAVDAATAEKVFKQYANDNGVDGEWTYDDATKTFTVTE
G09S,0.02543,MTYKLILNSKTLKGETTTEAVDAATAEKVFKQYANDNGVDGEWTYDDATKTFTVTE
E42H,0.03132,MTYKLILNGKTLKGETTTEAVDAATAEKVFKQYANDNGVDGHWTYDDATKTFTVTE
T25R,0.03177,MTYKLILNGKTLKGETTTEAVDAARAEKVFKQYANDNGVDGEWTYDDATKTFTVTE
N35H,0.03699,MTYKLILNGKTLKGETTTEAVDAATAEKVFKQYAHDNGVDGEWTYDDATKTFTVTE
G38L,0.04239,MTYKLILNGKTLKGETTTEAVDAATAEKVFKQYANDNLVDGEWTYDDATKTFTVTE
A23E,0.0442,MTYKLILNGKTLKGETTTEAVDEATAEKVFKQYANDNGVDGEWTYDDATKTFTVTE
A24Q,0.04574,MTYKLILNGKTLKGETTTEAVDAQTAEKVFKQYANDNGVDGEWTYDDATKTFTVTE
E19A,0.0476,MTYKLILNGKTLKGETTTAAVDAATAEKVFKQYANDNGVDGEWTYDDATKTFTVTE
Q32D,0.04907,MTYKLILNGKTLKGETTTEAVDAATAEKVFKDYANDNGVDGEWTYDDATKTFTVTE
G38D,0.05173,MTYKLILNGKTLKGETTTEAVDAATAEKVFKQYANDNDVDGEWTYDDATKTFTVTE
T17M,0.05629,MTYKLILNGKTLKGETMTEAVDAATAEKVFKQYANDNGVDGEWTYDDATKTFTVTE
T02S,0.05817,MSYKLILNGKTLKGETTTEAVDAATAEKVFKQYANDNGVDGEWTYDDATKTFTVTE
T17I,0.05838,MTYKLILNGKTLKGETITEAVDAATAEKVFKQYANDNGVDGEWTYDDATKTFTVTE
M01P,0.05926,PTYKLILNGKTLKGETTTEAVDAATAEKVFKQYANDNGVDGEWTYDDATKTFTVTE
A48I,0.06508,MTYKLILNGKTLKGETTTEAVDAATAEKVFKQYANDNGVDGEWTYDDITKTFTVTE
K28H,0.06766,MTYKLILNGKTLKGETTTEAVDAATAEHVFKQYANDNGVDGEWTYDDATKTFTVTE
T44L,0.06871,MTYKLILNGKTLKGETTTEAVDAATAEKVFKQYANDNGVDGEWLYDDATKTFTVTE
T49N,0.07347,MTYKLILNGKTLKGETTTEAVDAATAEKVFKQYANDNGVDGEWTYDDANKTFTVTE
G14H,0.08403,MTYKLILNGKTLKHETTTEAVDAATAEKVFKQYANDNGVDGEWTYDDATKTFTVTE
N37T,0.08425,MTYKLILNGKTLKGETTTEAVDAATAEKVFKQYANDTGVDGEWTYDDATKTFTVTE
L07V,0.08476,MTYKLIVNGKTLKGETTTEAVDAATAEKVFKQYANDNGVDGEWTYDDATKTFTVTE
L12N,0.08539,MTYKLILNGKTNKGETTTEAVDAATAEKVFKQYANDNGVDGEWTYDDATKTFTVTE
T02R,0.09091,MRYKLILNGKTLKGETTTEAVDAATAEKVFKQYANDNGVDGEWTYDDATKTFTVTE
T44F,0.09238,MTYKLILNGKTLKGETTTEAVDAATAEKVFKQYANDNGVDGEWFYDDATKTFTVTE
K10N,0.09672,MTYKLILNGNTLKGETTTEAVDAATAEKVFKQYANDNGVDGEWTYDDATKTFTVTE
E27I,0.09868,MTYKLILNGKTLKGETTTEAVDAATAIKVFKQYANDNGVDGEWTYDDATKTFTVTE
K28D,0.1015,MTYKLILNGKTLKGETTTEAVDAATAEDVFKQYANDNGVDGEWTYDDATKTFTVTE
T25Y,0.102,MTYKLILNGKTLKGETTTEAVDAAYAEKVFKQYANDNGVDGEWTYDDATKTFTVTE
G14D,0.1038,MTYKLILNGKTLKDETTTEAVDAATAEKVFKQYANDNGVDGEWTYDDATKTFTVTE
E19S,0.1053,MTYKLILNGKTLKGETTTSAVDAATAEKVFKQYANDNGVDGEWTYDDATKTFTVTE
N35G,0.1065,MTYKLILNGKTLKGETTTEAVDAATAEKVFKQYAGDNGVDGEWTYDDATKTFTVTE
T44R,0.1073,MTYKLILNGKTLKGETTTEAVDAATAEKVFKQYANDNGVDGEWRYDDATKTFTVTE
Q32I,0.1103,MTYKLILNGKTLKGETTTEAVDAATAEKVFKIYANDNGVDGEWTYDDATKTFTVTE
A34L,0.1117,MTYKLILNGKTLKGETTTEAVDAATAEKVFKQYLNDNGVDGEWTYDDATKTFTVTE
K10Q,0.1136,MTYKLILNGQTLKGETTTEAVDAATAEKVFKQYANDNGVDGEWTYDDATKTFTVTE
D40A,0.1153,MTYKLILNGKTLKGETTTEAVDAATAEKVFKQYANDNGVAGEWTYDDATKTFTVTE
A20Q,0.1162,MTYKLILNGKTLKGETTTEQVDAATAEKVFKQYANDNGVDGEWTYDDATKTFTVTE
V29E,0.118,MTYKLILNGKTLKGETTTEAVDAATAEKEFKQYANDNGVDGEWTYDDATKTFTVTE
A48R,0.1224,MTYKLILNGKTLKGETTTEAVDAATAEKVFKQYANDNGVDGEWTYDDRTKTFTVTE
V21T,0.1255,MTYKLILNGKTLKGETTTEATDAATAEKVFKQYANDNGVDGEWTYDDATKTFTVTE
E42T,0.1269,MTYKLILNGKTLKGETTTEAVDAATAEKVFKQYANDNGVDGTWTYDDATKTFTVTE
N08V,0.1292,MTYKLILVGKTLKGETTTEAVDAATAEKVFKQYANDNGVDGEWTYDDATKTFTVTE
E15K,0.1296,MTYKLILNGKTLKGKTTTEAVDAATAEKVFKQYANDNGVDGEWTYDDATKTFTVTE
E56N,0.1297,MTYKLILNGKTLKGETTTEAVDAATAEKVFKQYANDNGVDGEWTYDDATKTFTVTN
T02E,0.1299,MEYKLILNGKTLKGETTTEAVDAATAEKVFKQYANDNGVDGEWTYDDATKTFTVTE
A48N,0.1345,MTYKLILNGKTLKGETTTEAVDAATAEKVFKQYANDNGVDGEWTYDDNTKTFTVTE
V29M,0.1372,MTYKLILNGKTLKGETTTEAVDAATAEKMFKQYANDNGVDGEWTYDDATKTFTVTE
L12Q,0.1395,MTYKLILNGKTQKGETTTEAVDAATAEKVFKQYANDNGVDGEWTYDDATKTFTVTE
Q32L,0.1403,MTYKLILNGKTLKGETTTEAVDAATAEKVFKLYANDNGVDGEWTYDDATKTFTVTE
V29A,0.1403,MTYKLILNGKTLKGETTTEAVDAATAEKAFKQYANDNGVDGEWTYDDATKTFTVTE
M01A,0.1407,ATYKLILNGKTLKGETTTEAVDAATAEKVFKQYANDNGVDGEWTYDDATKTFTVTE
T02Y,0.1476,MYYKLILNGKTLKGETTTEAVDAATAEKVFKQYANDNGVDGEWTYDDATKTFTVTE
A24G,0.1481,MTYKLILNGKTLKGETTTEAVDAGTAEKVFKQYANDNGVDGEWTYDDATKTFTVTE
T53M,0.1526,MTYKLILNGKTLKGETTTEAVDAATAEKVFKQYANDNGVDGEWTYDDATKTFMVTE
K10H,0.1534,MTYKLILNGHTLKGETTTEAVDAATAEKVFKQYANDNGVDGEWTYDDATKTFTVTE
A48T,0.1552,MTYKLILNGKTLKGETTTEAVDAATAEKVFKQYANDNGVDGEWTYDDTTKTFTVTE
T18Y,0.1554,MTYKLILNGKTLKGETTYEAVDAATAEKVFKQYANDNGVDGEWTYDDATKTFTVTE
E15L,0.1557,MTYKLILNGKTLKGLTTTEAVDAATAEKVFKQYANDNGVDGEWTYDDATKTFTVTE
Q32A,0.1613,MTYKLILNGKTLKGETTTEAVDAATAEKVFKAYANDNGVDGEWTYDDATKTFTVTE
V29H,0.1615,MTYKLILNGKTLKGETTTEAVDAATAEKHFKQYANDNGVDGEWTYDDATKTFTVTE
A23S,0.1622,MTYKLILNGKTLKGETTTEAVDSATAEKVFKQYANDNGVDGEWTYDDATKTFTVTE
E15N,0.1626,MTYKLILNGKTLKGNTTTEAVDAATAEKVFKQYANDNGVDGEWTYDDATKTFTVTE
N35D,0.1644,MTYKLILNGKTLKGETTTEAVDAATAEKVFKQYADDNGVDGEWTYDDATKTFTVTE
E15S,0.165,MTYKLILNGKTLKGSTTTEAVDAATAEKVFKQYANDNGVDGEWTYDDATKTFTVTE
T11N,0.1678,MTYKLILNGKNLKGETTTEAVDAATAEKVFKQYANDNGVDGEWTYDDATKTFTVTE
T25G,0.1682,MTYKLILNGKTLKGETTTEAVDAAGAEKVFKQYANDNGVDGEWTYDDATKTFTVTE
D40L,0.1702,MTYKLILNGKTLKGETTTEAVDAATAEKVFKQYANDNGVLGEWTYDDATKTFTVTE
K31L,0.172,MTYKLILNGKTLKGETTTEAVDAATAEKVFLQYANDNGVDGEWTYDDATKTFTVTE
K04S,0.1752,MTYSLILNGKTLKGETTTEAVDAATAEKVFKQYANDNGVDGEWTYDDATKTFTVTE
D47R,0.1762,MTYKLILNGKTLKGETTTEAVDAATAEKVFKQYANDNGVDGEWTYDRATKTFTVTE
N35M,0.1763,MTYKLILNGKTLKGETTTEAVDAATAEKVFKQYAMDNGVDGEWTYDDATKTFTVTE
T17V,0.1832,MTYKLILNGKTLKGETVTEAVDAATAEKVFKQYANDNGVDGEWTYDDATKTFTVTE
T49S,0.1832,MTYKLILNGKTLKGETTTEAVDAATAEKVFKQYANDNGVDGEWTYDDASKTFTVTE
K28T,0.185,MTYKLILNGKTLKGETTTEAVDAATAETVFKQYANDNGVDGEWTYDDATKTFTVTE
K31I,0.1853,MTYKLILNGKTLKGETTTEAVDAATAEKVFIQYANDNGVDGEWTYDDATKTFTVTE
E19M,0.1866,MTYKLILNGKTLKGETTTMAVDAATAEKVFKQYANDNGVDGEWTYDDATKTFTVTE
K31V,0.1874,MTYKLILNGKTLKGETTTEAVDAATAEKVFVQYANDNGVDGEWTYDDATKTFTVTE
N08D,0.1878,MTYKLILDGKTLKGETTTEAVDAATAEKVFKQYANDNGVDGEWTYDDATKTFTVTE
G41M,0.1888,MTYKLILNGKTLKGETTTEAVDAATAEKVFKQYANDNGVDMEWTYDDATKTFTVTE
V21G,0.1904,MTYKLILNGKTLKGETTTEAGDAATAEKVFKQYANDNGVDGEWTYDDATKTFTVTE
V29Y,0.1913,MTYKLILNGKTLKGETTTEAVDAATAEKYFKQYANDNGVDGEWTYDDATKTFTVTE
A24V,0.1925,MTYKLILNGKTLKGETTTEAVDAVTAEKVFKQYANDNGVDGEWTYDDATKTFTVTE
G38Q,0.1927,MTYKLILNGKTLKGETTTEAVDAATAEKVFKQYANDNQVDGEWTYDDATKTFTVTE
V21H,0.1943,MTYKLILNGKTLKGETTTEAHDAATAEKVFKQYANDNGVDGEWTYDDATKTFTVTE
D36K,0.1981,MTYKLILNGKTLKGETTTEAVDAATAEKVFKQYANKNGVDGEWTYDDATKTFTVTE
K10T,0.1995,MTYKLILNGTTLKGETTTEAVDAATAEKVFKQYANDNGVDGEWTYDDATKTFTVTE
T25M,0.2008,MTYKLILNGKTLKGETTTEAVDAAMAEKVFKQYANDNGVDGEWTYDDATKTFTVTE
Q32S,0.2027,MTYKLILNGKTLKGETTTEAVDAATAEKVFKSYANDNGVDGEWTYDDATKTFTVTE
E19D,0.2036,MTYKLILNGKTLKGETTTDAVDAATAEKVFKQYANDNGVDGEWTYDDATKTFTVTE
T49L,0.205,MTYKLILNGKTLKGETTTEAVDAATAEKVFKQYANDNGVDGEWTYDDALKTFTVTE
T44K,0.2054,MTYKLILNGKTLKGETTTEAVDAATAEKVFKQYANDNGVDGEWKYDDATKTFTVTE
E56Q,0.2083,MTYKLILNGKTLKGETTTEAVDAATAEKVFKQYANDNGVDGEWTYDDATKTFTVTQ
D22N,0.2102,MTYKLILNGKTLKGETTTEAVNAATAEKVFKQYANDNGVDGEWTYDDATKTFTVTE
N08Y,0.2102,MTYKLILYGKTLKGETTTEAVDAATAEKVFKQYANDNGVDGEWTYDDATKTFTVTE
K13A,0.2103,MTYKLILNGKTLAGETTTEAVDAATAEKVFKQYANDNGVDGEWTYDDATKTFTVTE
T17R,0.2138,MTYKLILNGKTLKGETRTEAVDAATAEKVFKQYANDNGVDGEWTYDDATKTFTVTE
T44Q,0.2158,MTYKLILNGKTLKGETTTEAVDAATAEKVFKQYANDNGVDGEWQYDDATKTFTVTE
K10A,0.2171,MTYKLILNGATLKGETTTEAVDAATAEKVFKQYANDNGVDGEWTYDDATKTFTVTE
A24S,0.2187,MTYKLILNGKTLKGETTTEAVDASTAEKVFKQYANDNGVDGEWTYDDATKTFTVTE
T18A,0.2213,MTYKLILNGKTLKGETTAEAVDAATAEKVFKQYANDNGVDGEWTYDDATKTFTVTE
D47A,0.2221,MTYKLILNGKTLKGETTTEAVDAATAEKVFKQYANDNGVDGEWTYDAATKTFTVTE
K10F,0.223,MTYKLILNGFTLKGETTTEAVDAATAEKVFKQYANDNGVDGEWTYDDATKTFTVTE
A23L,0.2233,MTYKLILNGKTLKGETTTEAVDLATAEKVFKQYANDNGVDGEWTYDDATKTFTVTE
N37S,0.2243,MTYKLILNGKTLKGETTTEAVDAATAEKVFKQYANDSGVDGEWTYDDATKTFTVTE
T25D,0.2272,MTYKLILNGKTLKGETTTEAVDAADAEKVFKQYANDNGVDGEWTYDDATKTFTVTE
K13I,0.2273,MTYKLILNGKTLIGETTTEAVDAATAEKVFKQYANDNGVDGEWTYDDATKTFTVTE
A24T,0.232,MTYKLILNGKTLKGETTTEAVDATTAEKVFKQYANDNGVDGEWTYDDATKTFTVTE
K28V,0.2348,MTYKLILNGKTLKGETTTEAVDAATAEVVFKQYANDNGVDGEWTYDDATKTFTVTE
T53Y,0.2362,MTYKLILNGKTLKGETTTEAVDAATAEKVFKQYANDNGVDGEWTYDDATKTFYVTE
T11A,0.2394,MTYKLILNGKALKGETTTEAVDAATAEKVFKQYANDNGVDGEWTYDDATKTFTVTE
N08H,0.2423,MTYKLILHGKTLKGETTTEAVDAATAEKVFKQYANDNGVDGEWTYDDATKTFTVTE
L12R,0.2425,MTYKLILNGKTRKGETTTEAVDAATAEKVFKQYANDNGVDGEWTYDDATKTFTVTE
G14Y,0.2434,MTYKLILNGKTLKYETTTEAVDAATAEKVFKQYANDNGVDGEWTYDDATKTFTVTE
K10M,0.2474,MTYKLILNGMTLKGETTTEAVDAATAEKVFKQYANDNGVDGEWTYDDATKTFTVTE
K28Y,0.2474,MTYKLILNGKTLKGETTTEAVDAATAEYVFKQYANDNGVDGEWTYDDATKTFTVTE
E42N,0.2477,MTYKLILNGKTLKGETTTEAVDAATAEKVFKQYANDNGVDGNWTYDDATKTFTVTE
D47G,0.2496,MTYKLILNGKTLKGETTTEAVDAATAEKVFKQYANDNGVDGEWTYDGATKTFTVTE
K13T,0.2514,MTYKLILNGKTLTGETTTEAVDAATAEKVFKQYANDNGVDGEWTYDDATKTFTVTE
L07F,0.2555,MTYKLIFNGKTLKGETTTEAVDAATAEKVFKQYANDNGVDGEWTYDDATKTFTVTE
V54I,0.2612,MTYKLILNGKTLKGETTTEAVDAATAEKVFKQYANDNGVDGEWTYDDATKTFTITE
T16A,0.2635,MTYKLILNGKTLKGEATTEAVDAATAEKVFKQYANDNGVDGEWTYDDATKTFTVTE
E27Y,0.2636,MTYKLILNGKTLKGETTTEAVDAATAYKVFKQYANDNGVDGEWTYDDATKTFTVTE
A24D,0.2675,MTYKLILNGKTLKGETTTEAVDADTAEKVFKQYANDNGVDGEWTYDDATKTFTVTE
M01V,0.2675,VTYKLILNGKTLKGETTTEAVDAATAEKVFKQYANDNGVDGEWTYDDATKTFTVTE
V39L,0.2675,MTYKLILNGKTLKGETTTEAVDAATAEKVFKQYANDNGLDGEWTYDDATKTFTVTE
A24L,0.2697,MTYKLILNGKTLKGETTTEAVDALTAEKVFKQYANDNGVDGEWTYDDATKTFTVTE
K28F,0.2707,MTYKLILNGKTLKGETTTEAVDAATAEFVFKQYANDNGVDGEWTYDDATKTFTVTE
T44E,0.2712,MTYKLILNGKTLKGETTTEAVDAATAEKVFKQYANDNGVDGEWEYDDATKTFTVTE
M01K,0.2732,KTYKLILNGKTLKGETTTEAVDAATAEKVFKQYANDNGVDGEWTYDDATKTFTVTE
V21Q,0.2745,MTYKLILNGKTLKGETTTEAQDAATAEKVFKQYANDNGVDGEWTYDDATKTFTVTE
E42V,0.2759,MTYKLILNGKTLKGETTTEAVDAATAEKVFKQYANDNGVDGVWTYDDATKTFTVTE
E15R,0.2761,MTYKLILNGKTLKGRTTTEAVDAATAEKVFKQYANDNGVDGEWTYDDATKTFTVTE
D36I,0.2773,MTYKLILNGKTLKGETTTEAVDAATAEKVFKQYANINGVDGEWTYDDATKTFTVTE
L12H,0.2832,MTYKLILNGKTHKGETTTEAVDAATAEKVFKQYANDNGVDGEWTYDDATKTFTVTE
T17Q,0.2838,MTYKLILNGKTLKGETQTEAVDAATAEKVFKQYANDNGVDGEWTYDDATKTFTVTE
Y33F,0.2852,MTYKLILNGKTLKGETTTEAVDAATAEKVFKQFANDNGVDGEWTYDDATKTFTVTE
N08Q,0.2871,MTYKLILQGKTLKGETTTEAVDAATAEKVFKQYANDNGVDGEWTYDDATKTFTVTE
A48S,0.2873,MTYKLILNGKTLKGETTTEAVDAATAEKVFKQYANDNGVDGEWTYDDSTKTFTVTE
G38K,0.2873,MTYKLILNGKTLKGETTTEAVDAATAEKVFKQYANDNKVDGEWTYDDATKTFTVTE
V29L,0.2917,MTYKLILNGKTLKGETTTEAVDAATAEKLFKQYANDNGVDGEWTYDDATKTFTVTE
D36L,0.2918,MTYKLILNGKTLKGETTTEAVDAATAEKVFKQYANLNGVDGEWTYDDATKTFTVTE
T11Y,0.2982,MTYKLILNGKYLKGETTTEAVDAATAEKVFKQYANDNGVDGEWTYDDATKTFTVTE
G09T,0.3,MTYKLILNTKTLKGETTTEAVDAATAEKVFKQYANDNGVDGEWTYDDATKTFTVTE
G38N,0.3001,MTYKLILNGKTLKGETTTEAVDAATAEKVFKQYANDNNVDGEWTYDDATKTFTVTE
D36V,0.3005,MTYKLILNGKTLKGETTTEAVDAATAEKVFKQYANVNGVDGEWTYDDATKTFTVTE
T02F,0.3008,MFYKLILNGKTLKGETTTEAVDAATAEKVFKQYANDNGVDGEWTYDDATKTFTVTE
M01G,0.3016,GTYKLILNGKTLKGETTTEAVDAATAEKVFKQYANDNGVDGEWTYDDATKTFTVTE
N37M,0.3042,MTYKLILNGKTLKGETTTEAVDAATAEKVFKQYANDMGVDGEWTYDDATKTFTVTE
T11S,0.3042,MTYKLILNGKSLKGETTTEAVDAATAEKVFKQYANDNGVDGEWTYDDATKTFTVTE
T02K,0.305,MKYKLILNGKTLKGETTTEAVDAATAEKVFKQYANDNGVDGEWTYDDATKTFTVTE
T44H,0.3065,MTYKLILNGKTLKGETTTEAVDAATAEKVFKQYANDNGVDGEWHYDDATKTFTVTE
K28L,0.3129,MTYKLILNGKTLKGETTTEAVDAATAELVFKQYANDNGVDGEWTYDDATKTFTVTE
K13M,0.317,MTYKLILNGKTLMGETTTEAVDAATAEKVFKQYANDNGVDGEWTYDDATKTFTVTE
A23T,0.3184,MTYKLILNGKTLKGETTTEAVDTATAEKVFKQYANDNGVDGEWTYDDATKTFTVTE
T16K,0.3184,MTYKLILNGKTLKGEKTTEAVDAATAEKVFKQYANDNGVDGEWTYDDATKTFTVTE
Q32T,0.3186,MTYKLILNGKTLKGETTTEAVDAATAEKVFKTYANDNGVDGEWTYDDATKTFTVTE
G09L,0.3194,MTYKLILNLKTLKGETTTEAVDAATAEKVFKQYANDNGVDGEWTYDDATKTFTVTE
D47K,0.3256,MTYKLILNGKTLKGETTTEAVDAATAEKVFKQYANDNGVDGEWTYDKATKTFTVTE
K13R,0.326,MTYKLILNGKTLRGETTTEAVDAATAEKVFKQYANDNGVDGEWTYDDATKTFTVTE
T16Q,0.3266,MTYKLILNGKTLKGEQTTEAVDAATAEKVFKQYANDNGVDGEWTYDDATKTFTVTE
N35R,0.3325,MTYKLILNGKTLKGETTTEAVDAATAEKVFKQYARDNGVDGEWTYDDATKTFTVTE
V29K,0.3326,MTYKLILNGKTLKGETTTEAVDAATAEKKFKQYANDNGVDGEWTYDDATKTFTVTE
A48V,0.3335,MTYKLILNGKTLKGETTTEAVDAATAEKVFKQYANDNGVDGEWTYDDVTKTFTVTE
T17E,0.3336,MTYKLILNGKTLKGETETEAVDAATAEKVFKQYANDNGVDGEWTYDDATKTFTVTE
T02Q,0.3391,MQYKLILNGKTLKGETTTEAVDAATAEKVFKQYANDNGVDGEWTYDDATKTFTVTE
T55N,0.3415,MTYKLILNGKTLKGETTTEAVDAATAEKVFKQYANDNGVDGEWTYDDATKTFTVNE
K50F,0.3438,MTYKLILNGKTLKGETTTEAVDAATAEKVFKQYANDNGVDGEWTYDDATFTFTVTE
L12M,0.3446,MTYKLILNGKTMKGETTTEAVDAATAEKVFKQYANDNGVDGEWTYDDATKTFTVTE
D47N,0.3454,MTYKLILNGKTLKGETTTEAVDAATAEKVFKQYANDNGVDGEWTYDNATKTFTVTE
T55S,0.3475,MTYKLILNGKTLKGETTTEAVDAATAEKVFKQYANDNGVDGEWTYDDATKTFTVSE
N08F,0.3487,MTYKLILFGKTLKGETTTEAVDAATAEKVFKQYANDNGVDGEWTYDDATKTFTVTE
A48D,0.3508,MTYKLILNGKTLKGETTTEAVDAATAEKVFKQYANDNGVDGEWTYDDDTKTFTVTE
T11K,0.351,MTYKLILNGKKLKGETTTEAVDAATAEKVFKQYANDNGVDGEWTYDDATKTFTVTE
D47Y,0.3546,MTYKLILNGKTLKGETTTEAVDAATAEKVFKQYANDNGVDGEWTYDYATKTFTVTE
N37A,0.3611,MTYKLILNGKTLKGETTTEAVDAATAEKVFKQYANDAGVDGEWTYDDATKTFTVTE
T44S,0.3613,MTYKLILNGKTLKGETTTEAVDAATAEKVFKQYANDNGVDGEWSYDDATKTFTVTE
K28S,0.3627,MTYKLILNGKTLKGETTTEAVDAATAESVFKQYANDNGVDGEWTYDDATKTFTVTE
N08M,0.3651,MTYKLILMGKTLKGETTTEAVDAATAEKVFKQYANDNGVDGEWTYDDATKTFTVTE
E19L,0.3686,MTYKLILNGKTLKGETTTLAVDAATAEKVFKQYANDNGVDGEWTYDDATKTFTVTE
K50N,0.3757,MTYKLILNGKTLKGETTTEAVDAATAEKVFKQYANDNGVDGEWTYDDATNTFTVTE
V29Q,0.3762,MTYKLILNGKTLKGETTTEAVDAATAEKQFKQYANDNGVDGEWTYDDATKTFTVTE
A23V,0.3774,MTYKLILNGKTLKGETTTEAVDVATAEKVFKQYANDNGVDGEWTYDDATKTFTVTE
M01D,0.3795,DTYKLILNGKTLKGETTTEAVDAATAEKVFKQYANDNGVDGEWTYDDATKTFTVTE
T11L,0.3795,MTYKLILNGKLLKGETTTEAVDAATAEKVFKQYANDNGVDGEWTYDDATKTFTVTE
A23Y,0.3807,MTYKLILNGKTLKGETTTEAVDYATAEKVFKQYANDNGVDGEWTYDDATKTFTVTE
Q32E,0.3816,MTYKLILNGKTLKGETTTEAVDAATAEKVFKEYANDNGVDGEWTYDDATKTFTVTE
T25F,0.3866,MTYKLILNGKTLKGETTTEAVDAAFAEKVFKQYANDNGVDGEWTYDDATKTFTVTE
T11M,0.3872,MTYKLILNGKMLKGETTTEAVDAATAEKVFKQYANDNGVDGEWTYDDATKTFTVTE
Q32R,0.3876,MTYKLILNGKTLKGETTTEAVDAATAEKVFKRYANDNGVDGEWTYDDATKTFTVTE
T17S,0.388,MTYKLILNGKTLKGETSTEAVDAATAEKVFKQYANDNGVDGEWTYDDATKTFTVTE
G14T,0.3898,MTYKLILNGKTLKTETTTEAVDAATAEKVFKQYANDNGVDGEWTYDDATKTFTVTE
T18V,0.3905,MTYKLILNGKTLKGETTVEAVDAATAEKVFKQYANDNGVDGEWTYDDATKTFTVTE
T11R,0.3921,MTYKLILNGKRLKGETTTEAVDAATAEKVFKQYANDNGVDGEWTYDDATKTFTVTE
K31M,0.3944,MTYKLILNGKTLKGETTTEAVDAATAEKVFMQYANDNGVDGEWTYDDATKTFTVTE
T44A,0.396,MTYKLILNGKTLKGETTTEAVDAATAEKVFKQYANDNGVDGEWAYDDATKTFTVTE
D36A,0.3988,MTYKLILNGKTLKGETTTEAVDAATAEKVFKQYANANGVDGEWTYDDATKTFTVTE
T44Y,0.4001,MTYKLILNGKTLKGETTTEAVDAATAEKVFKQYANDNGVDGEWYYDDATKTFTVTE
M01Q,0.4025,QTYKLILNGKTLKGETTTEAVDAATAEKVFKQYANDNGVDGEWTYDDATKTFTVTE
E27A,0.4055,MTYKLILNGKTLKGETTTEAVDAATAAKVFKQYANDNGVDGEWTYDDATKTFTVTE
A24M,0.406,MTYKLILNGKTLKGETTTEAVDAMTAEKVFKQYANDNGVDGEWTYDDATKTFTVTE
D36R,0.4081,MTYKLILNGKTLKGETTTEAVDAATAEKVFKQYANRNGVDGEWTYDDATKTFTVTE
D36Q,0.4089,MTYKLILNGKTLKGETTTEAVDAATAEKVFKQYANQNGVDGEWTYDDATKTFTVTE
A48Y,0.4127,MTYKLILNGKTLKGETTTEAVDAATAEKVFKQYANDNGVDGEWTYDDYTKTFTVTE
K10V,0.4141,MTYKLILNGVTLKGETTTEAVDAATAEKVFKQYANDNGVDGEWTYDDATKTFTVTE
V29T,0.4142,MTYKLILNGKTLKGETTTEAVDAATAEKTFKQYANDNGVDGEWTYDDATKTFTVTE
V21L,0.4146,MTYKLILNGKTLKGETTTEALDAATAEKVFKQYANDNGVDGEWTYDDATKTFTVTE
E15A,0.4153,MTYKLILNGKTLKGATTTEAVDAATAEKVFKQYANDNGVDGEWTYDDATKTFTVTE
E42M,0.4159,MTYKLILNGKTLKGETTTEAVDAATAEKVFKQYANDNGVDGMWTYDDATKTFTVTE
L12T,0.4164,MTYKLILNGKTTKGETTTEAVDAATAEKVFKQYANDNGVDGEWTYDDATKTFTVTE
N37R,0.4179,MTYKLILNGKTLKGETTTEAVDAATAEKVFKQYANDRGVDGEWTYDDATKTFTVTE
V21A,0.4182,MTYKLILNGKTLKGETTTEAADAATAEKVFKQYANDNGVDGEWTYDDATKTFTVTE
E19K,0.4203,MTYKLILNGKTLKGETTTKAVDAATAEKVFKQYANDNGVDGEWTYDDATKTFTVTE
T11H,0.4212,MTYKLILNGKHLKGETTTEAVDAATAEKVFKQYANDNGVDGEWTYDDATKTFTVTE
V54P,0.422,MTYKLILNGKTLKGETTTEAVDAATAEKVFKQYANDNGVDGEWTYDDATKTFTPTE
N35V,0.4245,MTYKLILNGKTLKGETTTEAVDAATAEKVFKQYAVDNGVDGEWTYDDATKTFTVTE
M01I,0.4292,ITYKLILNGKTLKGETTTEAVDAATAEKVFKQYANDNGVDGEWTYDDATKTFTVTE
G41R,0.4337,MTYKLILNGKTLKGETTTEAVDAATAEKVFKQYANDNGVDREWTYDDATKTFTVTE
M01N,0.4343,NTYKLILNGKTLKGETTTEAVDAATAEKVFKQYANDNGVDGEWTYDDATKTFTVTE
D36Y,0.4349,MTYKLILNGKTLKGETTTEAVDAATAEKVFKQYANYNGVDGEWTYDDATKTFTVTE
V21S,0.4364,MTYKLILNGKTLKGETTTEASDAATAEKVFKQYANDNGVDGEWTYDDATKTFTVTE
E27R,0.4369,MTYKLILNGKTLKGETTTEAVDAATARKVFKQYANDNGVDGEWTYDDATKTFTVTE
V29R,0.4376,MTYKLILNGKTLKGETTTEAVDAATAEKRFKQYANDNGVDGEWTYDDATKTFTVTE
E27Q,0.4424,MTYKLILNGKTLKGETTTEAVDAATAQKVFKQYANDNGVDGEWTYDDATKTFTVTE
A24Y,0.4426,MTYKLILNGKTLKGETTTEAVDAYTAEKVFKQYANDNGVDGEWTYDDATKTFTVTE
K28N,0.4428,MTYKLILNGKTLKGETTTEAVDAATAENVFKQYANDNGVDGEWTYDDATKTFTVTE
K13H,0.4454,MTYKLILNGKTLHGETTTEAVDAATAEKVFKQYANDNGVDGEWTYDDATKTFTVTE
K31Q,0.4476,MTYKLILNGKTLKGETTTEAVDAATAEKVFQQYANDNGVDGEWTYDDATKTFTVTE
N08K,0.4528,MTYKLILKGKTLKGETTTEAVDAATAEKVFKQYANDNGVDGEWTYDDATKTFTVTE
D47S,0.4559,MTYKLILNGKTLKGETTTEAVDAATAEKVFKQYANDNGVDGEWTYDSATKTFTVTE
M01L,0.4573,LTYKLILNGKTLKGETTTEAVDAATAEKVFKQYANDNGVDGEWTYDDATKTFTVTE
D40M,0.4579,MTYKLILNGKTLKGETTTEAVDAATAEKVFKQYANDNGVMGEWTYDDATKTFTVTE
A48E,0.4587,MTYKLILNGKTLKGETTTEAVDAATAEKVFKQYANDNGVDGEWTYDDETKTFTVTE
T11D,0.4589,MTYKLILNGKDLKGETTTEAVDAATAEKVFKQYANDNGVDGEWTYDDATKTFTVTE
V21D,0.4596,MTYKLILNGKTLKGETTTEADDAATAEKVFKQYANDNGVDGEWTYDDATKTFTVTE
K50Y,0.4603,MTYKLILNGKTLKGETTTEAVDAATAEKVFKQYANDNGVDGEWTYDDATYTFTVTE
T11E,0.4625,MTYKLILNGKELKGETTTEAVDAATAEKVFKQYANDNGVDGEWTYDDATKTFTVTE
D36S,0.4628,MTYKLILNGKTLKGETTTEAVDAATAEKVFKQYANSNGVDGEWTYDDATKTFTVTE
T25Q,0.4703,MTYKLILNGKTLKGETTTEAVDAAQAEKVFKQYANDNGVDGEWTYDDATKTFTVTE
D46N,0.472,MTYKLILNGKTLKGETTTEAVDAATAEKVFKQYANDNGVDGEWTYNDATKTFTVTE
N35T,0.4761,MTYKLILNGKTLKGETTTEAVDAATAEKVFKQYATDNGVDGEWTYDDATKTFTVTE
N37V,0.4774,MTYKLILNGKTLKGETTTEAVDAATAEKVFKQYANDVGVDGEWTYDDATKTFTVTE
A23K,0.4793,MTYKLILNGKTLKGETTTEAVDKATAEKVFKQYANDNGVDGEWTYDDATKTFTVTE
K04T,0.4815,MTYTLILNGKTLKGETTTEAVDAATAEKVFKQYANDNGVDGEWTYDDATKTFTVTE
I06V,0.4875,MTYKLVLNGKTLKGETTTEAVDAATAEKVFKQYANDNGVDGEWTYDDATKTFTVTE
K04M,0.491,MTYMLILNGKTLKGETTTEAVDAATAEKVFKQYANDNGVDGEWTYDDATKTFTVTE
D36N,0.4932,MTYKLILNGKTLKGETTTEAVDAATAEKVFKQYANNNGVDGEWTYDDATKTFTVTE
G41A,0.4935,MTYKLILNGKTLKGETTTEAVDAATAEKVFKQYANDNGVDAEWTYDDATKTFTVTE
Q32M,0.4955,MTYKLILNGKTLKGETTTEAVDAATAEKVFKMYANDNGVDGEWTYDDATKTFTVTE
V21N,0.4976,MTYKLILNGKTLKGETTTEANDAATAEKVFKQYANDNGVDGEWTYDDATKTFTVTE
L07M,0.4979,MTYKLIMNGKTLKGETTTEAVDAATAEKVFKQYANDNGVDGEWTYDDATKTFTVTE
D36M,0.4983,MTYKLILNGKTLKGETTTEAVDAATAEKVFKQYANMNGVDGEWTYDDATKTFTVTE
M01T,0.4983,TTYKLILNGKTLKGETTTEAVDAATAEKVFKQYANDNGVDGEWTYDDATKTFTVTE
A48K,0.4986,MTYKLILNGKTLKGETTTEAVDAATAEKVFKQYANDNGVDGEWTYDDKTKTFTVTE
D40E,0.5006,MTYKLILNGKTLKGETTTEAVDAATAEKVFKQYANDNGVEGEWTYDDATKTFTVTE
T16V,0.5015,MTYKLILNGKTLKGEVTTEAVDAATAEKVFKQYANDNGVDGEWTYDDATKTFTVTE
G38H,0.5023,MTYKLILNGKTLKGETTTEAVDAATAEKVFKQYANDNHVDGEWTYDDATKTFTVTE
T25S,0.5062,MTYKLILNGKTLKGETTTEAVDAASAEKVFKQYANDNGVDGEWTYDDATKTFTVTE
V21R,0.5082,MTYKLILNGKTLKGETTTEARDAATAEKVFKQYANDNGVDGEWTYDDATKTFTVTE
K10Y,0.5094,MTYKLILNGYTLKGETTTEAVDAATAEKVFKQYANDNGVDGEWTYDDATKTFTVTE
A23M,0.51,MTYKLILNGKTLKGETTTEAVDMATAEKVFKQYANDNGVDGEWTYDDATKTFTVTE
M01R,0.5102,RTYKLILNGKTLKGETTTEAVDAATAEKVFKQYANDNGVDGEWTYDDATKTFTVTE
T16H,0.5104,MTYKLILNGKTLKGEHTTEAVDAATAEKVFKQYANDNGVDGEWTYDDATKTFTVTE
G14S,0.5117,MTYKLILNGKTLKSETTTEAVDAATAEKVFKQYANDNGVDGEWTYDDATKTFTVTE
G14A,0.5122,MTYKLILNGKTLKAETTTEAVDAATAEKVFKQYANDNGVDGEWTYDDATKTFTVTE
A48L,0.5142,MTYKLILNGKTLKGETTTEAVDAATAEKVFKQYANDNGVDGEWTYDDLTKTFTVTE
E19Q,0.5158,MTYKLILNGKTLKGETTTQAVDAATAEKVFKQYANDNGVDGEWTYDDATKTFTVTE
T44I,0.5158,MTYKLILNGKTLKGETTTEAVDAATAEKVFKQYANDNGVDGEWIYDDATKTFTVTE
G14Q,0.5181,MTYKLILNGKTLKQETTTEAVDAATAEKVFKQYANDNGVDGEWTYDDATKTFTVTE
G14V,0.5203,MTYKLILNGKTLKVETTTEAVDAATAEKVFKQYANDNGVDGEWTYDDATKTFTVTE
V21M,0.5225,MTYKLILNGKTLKGETTTEAMDAATAEKVFKQYANDNGVDGEWTYDDATKTFTVTE
K13V,0.5257,MTYKLILNGKTLVGETTTEAVDAATAEKVFKQYANDNGVDGEWTYDDATKTFTVTE
G14E,0.531,MTYKLILNGKTLKEETTTEAVDAATAEKVFKQYANDNGVDGEWTYDDATKTFTVTE
T11V,0.5362,MTYKLILNGKVLKGETTTEAVDAATAEKVFKQYANDNGVDGEWTYDDATKTFTVTE
V21K,0.5363,MTYKLILNGKTLKGETTTEAKDAATAEKVFKQYANDNGVDGEWTYDDATKTFTVTE
A24R,0.5373,MTYKLILNGKTLKGETTTEAVDARTAEKVFKQYANDNGVDGEWTYDDATKTFTVTE
A48Q,0.5385,MTYKLILNGKTLKGETTTEAVDAATAEKVFKQYANDNGVDGEWTYDDQTKTFTVTE
T02L,0.5417,MLYKLILNGKTLKGETTTEAVDAATAEKVFKQYANDNGVDGEWTYDDATKTFTVTE
V21I,0.543,MTYKLILNGKTLKGETTTEAIDAATAEKVFKQYANDNGVDGEWTYDDATKTFTVTE
K50L,0.5464,MTYKLILNGKTLKGETTTEAVDAATAEKVFKQYANDNGVDGEWTYDDATLTFTVTE
D40K,0.5482,MTYKLILNGKTLKGETTTEAVDAATAEKVFKQYANDNGVKGEWTYDDATKTFTVTE
Y03F,0.5499,MTFKLILNGKTLKGETTTEAVDAATAEKVFKQYANDNGVDGEWTYDDATKTFTVTE
T16R,0.5506,MTYKLILNGKTLKGERTTEAVDAATAEKVFKQYANDNGVDGEWTYDDATKTFTVTE
A24I,0.5529,MTYKLILNGKTLKGETTTEAVDAITAEKVFKQYANDNGVDGEWTYDDATKTFTVTE
K10E,0.5532,MTYKLILNGETLKGETTTEAVDAATAEKVFKQYANDNGVDGEWTYDDATKTFTVTE
D40R,0.5541,MTYKLILNGKTLKGETTTEAVDAATAEKVFKQYANDNGVRGEWTYDDATKTFTVTE
E42R,0.5541,MTYKLILNGKTLKGETTTEAVDAATAEKVFKQYANDNGVDGRWTYDDATKTFTVTE
K28E,0.5592,MTYKLILNGKTLKGETTTEAVDAATAEEVFKQYANDNGVDGEWTYDDATKTFTVTE
N08I,0.5593,MTYKLILIGKTLKGETTTEAVDAATAEKVFKQYANDNGVDGEWTYDDATKTFTVTE
K10I,0.5619,MTYKLILNGITLKGETTTEAVDAATAEKVFKQYANDNGVDGEWTYDDATKTFTVTE
T11I,0.5619,MTYKLILNGKILKGETTTEAVDAATAEKVFKQYANDNGVDGEWTYDDATKTFTVTE
D40S,0.5632,MTYKLILNGKTLKGETTTEAVDAATAEKVFKQYANDNGVSGEWTYDDATKTFTVTE
T18F,0.5632,MTYKLILNGKTLKGETTFEAVDAATAEKVFKQYANDNGVDGEWTYDDATKTFTVTE
A23I,0.5642,MTYKLILNGKTLKGETTTEAVDIATAEKVFKQYANDNGVDGEWTYDDATKTFTVTE
K28A,0.565,MTYKLILNGKTLKGETTTEAVDAATAEAVFKQYANDNGVDGEWTYDDATKTFTVTE
E15F,0.5656,MTYKLILNGKTLKGFTTTEAVDAATAEKVFKQYANDNGVDGEWTYDDATKTFTVTE
N37I,0.5687,MTYKLILNGKTLKGETTTEAVDAATAEKVFKQYANDIGVDGEWTYDDATKTFTVTE
D40T,0.5705,MTYKLILNGKTLKGETTTEAVDAATAEKVFKQYANDNGVTGEWTYDDATKTFTVTE
K13S,0.5716,MTYKLILNGKTLSGETTTEAVDAATAEKVFKQYANDNGVDGEWTYDDATKTFTVTE
K28M,0.5786,MTYKLILNGKTLKGETTTEAVDAATAEMVFKQYANDNGVDGEWTYDDATKTFTVTE
D47F,0.5808,MTYKLILNGKTLKGETTTEAVDAATAEKVFKQYANDNGVDGEWTYDFATKTFTVTE
Q32K,0.5808,MTYKLILNGKTLKGETTTEAVDAATAEKVFKKYANDNGVDGEWTYDDATKTFTVTE
G41I,0.5839,MTYKLILNGKTLKGETTTEAVDAATAEKVFKQYANDNGVDIEWTYDDATKTFTVTE
D47Q,0.5846,MTYKLILNGKTLKGETTTEAVDAATAEKVFKQYANDNGVDGEWTYDQATKTFTVTE
A23F,0.5854,MTYKLILNGKTLKGETTTEAVDFATAEKVFKQYANDNGVDGEWTYDDATKTFTVTE
D40V,0.5867,MTYKLILNGKTLKGETTTEAVDAATAEKVFKQYANDNGVVGEWTYDDATKTFTVTE
N35A,0.5888,MTYKLILNGKTLKGETTTEAVDAATAEKVFKQYAADNGVDGEWTYDDATKTFTVTE
D40I,0.5893,MTYKLILNGKTLKGETTTEAVDAATAEKVFKQYANDNGVIGEWTYDDATKTFTVTE
T11Q,0.5916,MTYKLILNGKQLKGETTTEAVDAATAEKVFKQYANDNGVDGEWTYDDATKTFTVTE
V29F,0.5923,MTYKLILNGKTLKGETTTEAVDAATAEKFFKQYANDNGVDGEWTYDDATKTFTVTE
A23R,0.5935,MTYKLILNGKTLKGETTTEAVDRATAEKVFKQYANDNGVDGEWTYDDATKTFTVTE
L12K,0.596,MTYKLILNGKTKKGETTTEAVDAATAEKVFKQYANDNGVDGEWTYDDATKTFTVTE
E15I,0.6033,MTYKLILNGKTLKGITTTEAVDAATAEKVFKQYANDNGVDGEWTYDDATKTFTVTE
E42L,0.607,MTYKLILNGKTLKGETTTEAVDAATAEKVFKQYANDNGVDGLWTYDDATKTFTVTE
E42D,0.6086,MTYKLILNGKTLKGETTTEAVDAATAEKVFKQYANDNGVDGDWTYDDATKTFTVTE
Q32P,0.6124,MTYKLILNGKTLKGETTTEAVDAATAEKVFKPYANDNGVDGEWTYDDATKTFTVTE
K28Q,0.6138,MTYKLILNGKTLKGETTTEAVDAATAEQVFKQYANDNGVDGEWTYDDATKTFTVTE
T25E,0.6153,MTYKLILNGKTLKGETTTEAVDAAEAEKVFKQYANDNGVDGEWTYDDATKTFTVTE
A24F,0.6184,MTYKLILNGKTLKGETTTEAVDAFTAEKVFKQYANDNGVDGEWTYDDATKTFTVTE
T18M,0.6229,MTYKLILNGKTLKGETTMEAVDAATAEKVFKQYANDNGVDGEWTYDDATKTFTVTE
D22S,0.6246,MTYKLILNGKTLKGETTTEAVSAATAEKVFKQYANDNGVDGEWTYDDATKTFTVTE
E42F,0.625,MTYKLILNGKTLKGETTTEAVDAATAEKVFKQYANDNGVDGFWTYDDATKTFTVTE
L12V,0.632,MTYKLILNGKTVKGETTTEAVDAATAEKVFKQYANDNGVDGEWTYDDATKTFTVTE
N08R,0.6361,MTYKLILRGKTLKGETTTEAVDAATAEKVFKQYANDNGVDGEWTYDDATKTFTVTE
V21Y,0.639,MTYKLILNGKTLKGETTTEAYDAATAEKVFKQYANDNGVDGEWTYDDATKTFTVTE
E19N,0.6401,MTYKLILNGKTLKGETTTNAVDAATAEKVFKQYANDNGVDGEWTYDDATKTFTVTE
K13F,0.6409,MTYKLILNGKTLFGETTTEAVDAATAEKVFKQYANDNGVDGEWTYDDATKTFTVTE
M01E,0.6414,ETYKLILNGKTLKGETTTEAVDAATAEKVFKQYANDNGVDGEWTYDDATKTFTVTE
E42K,0.6484,MTYKLILNGKTLKGETTTEAVDAATAEKVFKQYANDNGVDGKWTYDDATKTFTVTE
K10R,0.6497,MTYKLILNGRTLKGETTTEAVDAATAEKVFKQYANDNGVDGEWTYDDATKTFTVTE
E19T,0.6515,MTYKLILNGKTLKGETTTTAVDAATAEKVFKQYANDNGVDGEWTYDDATKTFTVTE
E15Y,0.6644,MTYKLILNGKTLKGYTTTEAVDAATAEKVFKQYANDNGVDGEWTYDDATKTFTVTE
A24E,0.6679,MTYKLILNGKTLKGETTTEAVDAETAEKVFKQYANDNGVDGEWTYDDATKTFTVTE
D40N,0.6686,MTYKLILNGKTLKGETTTEAVDAATAEKVFKQYANDNGVNGEWTYDDATKTFTVTE
M01H,0.6688,HTYKLILNGKTLKGETTTEAVDAATAEKVFKQYANDNGVDGEWTYDDATKTFTVTE
V39F,0.6698,MTYKLILNGKTLKGETTTEAVDAATAEKVFKQYANDNGFDGEWTYDDATKTFTVTE
G14F,0.6704,MTYKLILNGKTLKFETTTEAVDAATAEKVFKQYANDNGVDGEWTYDDATKTFTVTE
T25H,0.6744,MTYKLILNGKTLKGETTTEAVDAAHAEKVFKQYANDNGVDGEWTYDDATKTFTVTE
E42A,0.6756,MTYKLILNGKTLKGETTTEAVDAATAEKVFKQYANDNGVDGAWTYDDATKTFTVTE
M01S,0.68,STYKLILNGKTLKGETTTEAVDAATAEKVFKQYANDNGVDGEWTYDDATKTFTVTE
M01Y,0.68,YTYKLILNGKTLKGETTTEAVDAATAEKVFKQYANDNGVDGEWTYDDATKTFTVTE
E56Y,0.6801,MTYKLILNGKTLKGETTTEAVDAATAEKVFKQYANDNGVDGEWTYDDATKTFTVTY
N35I,0.6808,MTYKLILNGKTLKGETTTEAVDAATAEKVFKQYAIDNGVDGEWTYDDATKTFTVTE
V29I,0.681,MTYKLILNGKTLKGETTTEAVDAATAEKIFKQYANDNGVDGEWTYDDATKTFTVTE
T17F,0.6827,MTYKLILNGKTLKGETFTEAVDAATAEKVFKQYANDNGVDGEWTYDDATKTFTVTE
K13Y,0.6876,MTYKLILNGKTLYGETTTEAVDAATAEKVFKQYANDNGVDGEWTYDDATKTFTVTE
D47E,0.6884,MTYKLILNGKTLKGETTTEAVDAATAEKVFKQYANDNGVDGEWTYDEATKTFTVTE
E42Y,0.694,MTYKLILNGKTLKGETTTEAVDAATAEKVFKQYANDNGVDGYWTYDDATKTFTVTE
N37H,0.6965,MTYKLILNGKTLKGETTTEAVDAATAEKVFKQYANDHGVDGEWTYDDATKTFTVTE
T16M,0.6984,MTYKLILNGKTLKGEMTTEAVDAATAEKVFKQYANDNGVDGEWTYDDATKTFTVTE
T17Y,0.7134,MTYKLILNGKTLKGETYTEAVDAATAEKVFKQYANDNGVDGEWTYDDATKTFTVTE
E42Q,0.7139,MTYKLILNGKTLKGETTTEAVDAATAEKVFKQYANDNGVDGQWTYDDATKTFTVTE
G14K,0.7175,MTYKLILNGKTLKKETTTEAVDAATAEKVFKQYANDNGVDGEWTYDDATKTFTVTE
D40Q,0.7176,MTYKLILNGKTLKGETTTEAVDAATAEKVFKQYANDNGVQGEWTYDDATKTFTVTE
E15M,0.7185,MTYKLILNGKTLKGMTTTEAVDAATAEKVFKQYANDNGVDGEWTYDDATKTFTVTE
K28I,0.7215,MTYKLILNGKTLKGETTTEAVDAATAEIVFKQYANDNGVDGEWTYDDATKTFTVTE
K10L,0.7221,MTYKLILNGLTLKGETTTEAVDAATAEKVFKQYANDNGVDGEWTYDDATKTFTVTE
E19R,0.7238,MTYKLILNGKTLKGETTTRAVDAATAEKVFKQYANDNGVDGEWTYDDATKTFTVTE
L05R,0.7247,MTYKRILNGKTLKGETTTEAVDAATAEKVFKQYANDNGVDGEWTYDDATKTFTVTE
K04H,0.7357,MTYHLILNGKTLKGETTTEAVDAATAEKVFKQYANDNGVDGEWTYDDATKTFTVTE
D47I,0.7419,MTYKLILNGKTLKGETTTEAVDAATAEKVFKQYANDNGVDGEWTYDIATKTFTVTE
N35E,0.7452,MTYKLILNGKTLKGETTTEAVDAATAEKVFKQYAEDNGVDGEWTYDDATKTFTVTE
N35S,0.7551,MTYKLILNGKTLKGETTTEAVDAATAEKVFKQYASDNGVDGEWTYDDATKTFTVTE
V21E,0.7594,MTYKLILNGKTLKGETTTEAEDAATAEKVFKQYANDNGVDGEWTYDDATKTFTVTE
K50R,0.7618,MTYKLILNGKTLKGETTTEAVDAATAEKVFKQYANDNGVDGEWTYDDATRTFTVTE
T11F,0.7639,MTYKLILNGKFLKGETTTEAVDAATAEKVFKQYANDNGVDGEWTYDDATKTFTVTE
K04R,0.773,MTYRLILNGKTLKGETTTEAVDAATAEKVFKQYANDNGVDGEWTYDDATKTFTVTE
E19Y,0.774,MTYKLILNGKTLKGETTTYAVDAATAEKVFKQYANDNGVDGEWTYDDATKTFTVTE
A24K,0.7753,MTYKLILNGKTLKGETTTEAVDAKTAEKVFKQYANDNGVDGEWTYDDATKTFTVTE
N37Y,0.7826,MTYKLILNGKTLKGETTTEAVDAATAEKVFKQYANDYGVDGEWTYDDATKTFTVTE
T18L,0.7961,MTYKLILNGKTLKGETTLEAVDAATAEKVFKQYANDNGVDGEWTYDDATKTFTVTE
A23Q,0.7965,MTYKLILNGKTLKGETTTEAVDQATAEKVFKQYANDNGVDGEWTYDDATKTFTVTE
G14I,0.8071,MTYKLILNGKTLKIETTTEAVDAATAEKVFKQYANDNGVDGEWTYDDATKTFTVTE
K50H,0.8224,MTYKLILNGKTLKGETTTEAVDAATAEKVFKQYANDNGVDGEWTYDDATHTFTVTE
D40F,0.8243,MTYKLILNGKTLKGETTTEAVDAATAEKVFKQYANDNGVFGEWTYDDATKTFTVTE
K04Y,0.8246,MTYYLILNGKTLKGETTTEAVDAATAEKVFKQYANDNGVDGEWTYDDATKTFTVTE
V21P,0.8258,MTYKLILNGKTLKGETTTEAPDAATAEKVFKQYANDNGVDGEWTYDDATKTFTVTE
E27K,0.8303,MTYKLILNGKTLKGETTTEAVDAATAKKVFKQYANDNGVDGEWTYDDATKTFTVTE
N35Q,0.8364,MTYKLILNGKTLKGETTTEAVDAATAEKVFKQYAQDNGVDGEWTYDDATKTFTVTE
T18I,0.8377,MTYKLILNGKTLKGETTIEAVDAATAEKVFKQYANDNGVDGEWTYDDATKTFTVTE
E19F,0.8412,MTYKLILNGKTLKGETTTFAVDAATAEKVFKQYANDNGVDGEWTYDDATKTFTVTE
D40Y,0.8437,MTYKLILNGKTLKGETTTEAVDAATAEKVFKQYANDNGVYGEWTYDDATKTFTVTE
N35L,0.8509,MTYKLILNGKTLKGETTTEAVDAATAEKVFKQYALDNGVDGEWTYDDATKTFTVTE
T25A,0.8545,MTYKLILNGKTLKGETTTEAVDAAAAEKVFKQYANDNGVDGEWTYDDATKTFTVTE
G14R,0.8728,MTYKLILNGKTLKRETTTEAVDAATAEKVFKQYANDNGVDGEWTYDDATKTFTVTE
E15Q,0.8749,MTYKLILNGKTLKGQTTTEAVDAATAEKVFKQYANDNGVDGEWTYDDATKTFTVTE
Y03K,0.8849,MTKKLILNGKTLKGETTTEAVDAATAEKVFKQYANDNGVDGEWTYDDATKTFTVTE
D47P,0.8987,MTYKLILNGKTLKGETTTEAVDAATAEKVFKQYANDNGVDGEWTYDPATKTFTVTE
V39I,0.9096,MTYKLILNGKTLKGETTTEAVDAATAEKVFKQYANDNGIDGEWTYDDATKTFTVTE
K28R,0.9133,MTYKLILNGKTLKGETTTEAVDAATAERVFKQYANDNGVDGEWTYDDATKTFTVTE
F30Y,0.9144,MTYKLILNGKTLKGETTTEAVDAATAEKVYKQYANDNGVDGEWTYDDATKTFTVTE
E15V,0.9221,MTYKLILNGKTLKGVTTTEAVDAATAEKVFKQYANDNGVDGEWTYDDATKTFTVTE
E27M,0.9275,MTYKLILNGKTLKGETTTEAVDAATAMKVFKQYANDNGVDGEWTYDDATKTFTVTE
N35Y,0.9328,MTYKLILNGKTLKGETTTEAVDAATAEKVFKQYAYDNGVDGEWTYDDATKTFTVTE
E19I,0.9345,MTYKLILNGKTLKGETTTIAVDAATAEKVFKQYANDNGVDGEWTYDDATKTFTVTE
G14M,0.9401,MTYKLILNGKTLKMETTTEAVDAATAEKVFKQYANDNGVDGEWTYDDATKTFTVTE
N37Q,0.9441,MTYKLILNGKTLKGETTTEAVDAATAEKVFKQYANDQGVDGEWTYDDATKTFTVTE
N08L,0.9527,MTYKLILLGKTLKGETTTEAVDAATAEKVFKQYANDNGVDGEWTYDDATKTFTVTE
N37L,0.9543,MTYKLILNGKTLKGETTTEAVDAATAEKVFKQYANDLGVDGEWTYDDATKTFTVTE
T16L,0.9691,MTYKLILNGKTLKGELTTEAVDAATAEKVFKQYANDNGVDGEWTYDDATKTFTVTE
L07I,0.9735,MTYKLIINGKTLKGETTTEAVDAATAEKVFKQYANDNGVDGEWTYDDATKTFTVTE
L12I,0.9906,MTYKLILNGKTIKGETTTEAVDAATAEKVFKQYANDNGVDGEWTYDDATKTFTVTE
N35F,1.001,MTYKLILNGKTLKGETTTEAVDAATAEKVFKQYAFDNGVDGEWTYDDATKTFTVTE
T02M,1.002,MMYKLILNGKTLKGETTTEAVDAATAEKVFKQYANDNGVDGEWTYDDATKTFTVTE
T02I,1.004,MIYKLILNGKTLKGETTTEAVDAATAEKVFKQYANDNGVDGEWTYDDATKTFTVTE
N37F,1.005,MTYKLILNGKTLKGETTTEAVDAATAEKVFKQYANDFGVDGEWTYDDATKTFTVTE
T16I,1.011,MTYKLILNGKTLKGEITTEAVDAATAEKVFKQYANDNGVDGEWTYDDATKTFTVTE
N37K,1.018,MTYKLILNGKTLKGETTTEAVDAATAEKVFKQYANDKGVDGEWTYDDATKTFTVTE
E56F,1.03,MTYKLILNGKTLKGETTTEAVDAATAEKVFKQYANDNGVDGEWTYDDATKTFTVTF
K04F,1.04,MTYFLILNGKTLKGETTTEAVDAATAEKVFKQYANDNGVDGEWTYDDATKTFTVTE
N35K,1.043,MTYKLILNGKTLKGETTTEAVDAATAEKVFKQYAKDNGVDGEWTYDDATKTFTVTE
D36E,1.051,MTYKLILNGKTLKGETTTEAVDAATAEKVFKQYANENGVDGEWTYDDATKTFTVTE
K13Q,1.07,MTYKLILNGKTLQGETTTEAVDAATAEKVFKQYANDNGVDGEWTYDDATKTFTVTE
K04I,1.082,MTYILILNGKTLKGETTTEAVDAATAEKVFKQYANDNGVDGEWTYDDATKTFTVTE
V21F,1.099,MTYKLILNGKTLKGETTTEAFDAATAEKVFKQYANDNGVDGEWTYDDATKTFTVTE
M01F,1.137,FTYKLILNGKTLKGETTTEAVDAATAEKVFKQYANDNGVDGEWTYDDATKTFTVTE
K50Q,1.167,MTYKLILNGKTLKGETTTEAVDAATAEKVFKQYANDNGVDGEWTYDDATQTFTVTE
E42I,1.191,MTYKLILNGKTLKGETTTEAVDAATAEKVFKQYANDNGVDGIWTYDDATKTFTVTE
G14L,1.25,MTYKLILNGKTLKLETTTEAVDAATAEKVFKQYANDNGVDGEWTYDDATKTFTVTE
L12F,1.255,MTYKLILNGKTFKGETTTEAVDAATAEKVFKQYANDNGVDGEWTYDDATKTFTVTE
T02V,1.309,MVYKLILNGKTLKGETTTEAVDAATAEKVFKQYANDNGVDGEWTYDDATKTFTVTE
T16Y,1.313,MTYKLILNGKTLKGEYTTEAVDAATAEKVFKQYANDNGVDGEWTYDDATKTFTVTE
L12Y,1.776,MTYKLILNGKTYKGETTTEAVDAATAEKVFKQYANDNGVDGEWTYDDATKTFTVTE
E27L,1.815,MTYKLILNGKTLKGETTTEAVDAATALKVFKQYANDNGVDGEWTYDDATKTFTVTE
T16F,1.853,MTYKLILNGKTLKGEFTTEAVDAATAEKVFKQYANDNGVDGEWTYDDATKTFTVTE
E27F,1.915,MTYKLILNGKTLKGETTTEAVDAATAFKVFKQYANDNGVDGEWTYDDATKTFTVTE
