mutation,label,sequence
A20E,-0.582,MTYKLILNGKTLKGETTTEEVDAATAEKVFKQYANDNGVDGEWTYDDATKTFTVTE
A20F,-1.732,MTYKLILNGKTLKGETTTEFVDAATAEKVFKQYANDNGVDGEWTYDDATKTFTVTE
A20H,-1.914,MTYKLILNGKTLKGETTTEHVDAATAEKVFKQYANDNGVDGEWTYDDATKTFTVTE
A20I,-1.861,MTYKLILNGKTLKGETTTEIVDAATAEKVFKQYANDNGVDGEWTYDDATKTFTVTE
A20K,-1.77,MTYKLILNGKTLKGETTTEKVDAATAEKVFKQYANDNGVDGEWTYDDATKTFTVTE
A20L,-2.032,MTYKLILNGKTLKGETTTELVDAATAEKVFKQYANDNGVDGEWTYDDATKTFTVTE
A20M,-1.43,MTYKLILNGKTLKGETTTEMVDAATAEKVFKQYANDNGVDGEWTYDDATKTFTVTE
A20P,-3.48,MTYKLILNGKTLKGETTTEPVDAATAEKVFKQYANDNGVDGEWTYDDATKTFTVTE
A20Q,0.1162,MTYKLILNGKTLKGETTTEQVDAATAEKVFKQYANDNGVDGEWTYDDATKTFTVTE
A20S,-0.2021,MTYKLILNGKTLKGETTTESVDAATAEKVFKQYANDNGVDGEWTYDDATKTFTVTE
A20T,-0.9471,MTYKLILNGKTLKGETTTETVDAATAEKVFKQYANDNGVDGEWTYDDATKTFTVTE
A20Y,-1.938,MTYKLILNGKTLKGETTTEYVDAATAEKVFKQYANDNGVDGEWTYDDATKTFTVTE
A23D,-0.4388,MTYKLILNGKTLKGETTTEAVDDATAEKVFKQYANDNGVDGEWTYDDATKTFTVTE
A23E,0.0442,MTYKLILNGKTLKGETTTEAVDEATAEKVFKQYANDNGVDGEWTYDDATKTFTVTE
A23G,-0.8266,MTYKLILNGKTLKGETTTEAVDGATAEKVFKQYANDNGVDGEWTYDDATKTFTVTE
A23H,-0.1959,MTYKLILNGKTLKGETTTEAVDHATAEKVFKQYANDNGVDGEWTYDDATKTFTVTE
A23K,0.4793,MTYKLILNGKTLKGETTTEAVDKATAEKVFKQYANDNGVDGEWTYDDATKTFTVTE
A23L,0.2233,MTYKLILNGKTLKGETTTEAVDLATAEKVFKQYANDNGVDGEWTYDDATKTFTVTE
A23N,-0.1944,MTYKLILNGKTLKGETTTEAVDNATAEKVFKQYANDNGVDGEWTYDDATKTFTVTE
A23P,-0.1395,MTYKLILNGKTLKGETTTEAVDPATAEKVFKQYANDNGVDGEWTYDDATKTFTVTE
A23Q,0.7965,MTYKLILNGKTLKGETTTEAVDQATAEKVFKQYANDNGVDGEWTYDDATKTFTVTE
A23R,0.5935,MTYKLILNGKTLKGETTTEAVDRATAEKVFKQYANDNGVDGEWTYDDATKTFTVTE
A23S,0.1622,MTYKLILNGKTLKGETTTEAVDSATAEKVFKQYANDNGVDGEWTYDDATKTFTVTE
A23T,0.3184,MTYKLILNGKTLKGETTTEAVDTATAEKVFKQYANDNGVDGEWTYDDATKTFTVTE
A23V,0.3774,MTYKLILNGKTLKGETTTEAVDVATAEKVFKQYANDNGVDGEWTYDDATKTFTVTE
A23Y,0.3807,MTYKLILNGKTLKGETTTEAVDYATAEKVFKQYANDNGVDGEWTYDDATKTFTVTE
A24D,0.2675,MTYKLILNGKTLKGETTTEAVDADTAEKVFKQYANDNGVDGEWTYDDATKTFTVTE
A24E,0.6679,MTYKLILNGKTLKGETTTEAVDAETAEKVFKQYANDNGVDGEWTYDDATKTFTVTE
A24F,0.6184,MTYKLILNGKTLKGETTTEAVDAFTAEKVFKQYANDNGVDGEWTYDDATKTFTVTE
A24G,0.1481,MTYKLILNGKTLKGETTTEAVDAGTAEKVFKQYANDNGVDGEWTYDDATKTFTVTE
A24I,0.5529,MTYKLILNGKTLKGETTTEAVDAITAEKVFKQYANDNGVDGEWTYDDATKTFTVTE
A24K,0.7753,MTYKLILNGKTLKGETTTEAVDAKTAEKVFKQYANDNGVDGEWTYDDATKTFTVTE
A24L,0.2697,MTYKLILNGKTLKGETTTEAVDALTAEKVFKQYANDNGVDGEWTYDDATKTFTVTE
A24M,0.406,MTYKLILNGKTLKGETTTEAVDAMTAEKVFKQYANDNGVDGEWTYDDATKTFTVTE
A24N,-0.2393,MTYKLILNGKTLKGETTTEAVDANTAEKVFKQYANDNGVDGEWTYDDATKTFTVTE
A24P,-0.1859,MTYKLILNGKTLKGETTTEAVDAPTAEKVFKQYANDNGVDGEWTYDDATKTFTVTE
A24Q,0.04574,MTYKLILNGKTLKGETTTEAVDAQTAEKVFKQYANDNGVDGEWTYDDATKTFTVTE
A24S,0.2187,MTYKLILNGKTLKGETTTEAVDASTAEKVFKQYANDNGVDGEWTYDDATKTFTVTE
A24T,0.232,MTYKLILNGKTLKGETTTEAVDATTAEKVFKQYANDNGVDGEWTYDDATKTFTVTE
A24V,0.1925,MTYKLILNGKTLKGETTTEAVDAVTAEKVFKQYANDNGVDGEWTYDDATKTFTVTE
A26S,-2.33,MTYKLILNGKTLKGETTTEAVDAATSEKVFKQYANDNGVDGEWTYDDATKTFTVTE
A26V,-2.406,MTYKLILNGKTLKGETTTEAVDAATVEKVFKQYANDNGVDGEWTYDDATKTFTVTE
A34E,-2.604,MTYKLILNGKTLKGETTTEAVDAATAEKVFKQYENDNGVDGEWTYDDATKTFTVTE
A34F,-1.853,MTYKLILNGKTLKGETTTEAVDAATAEKVFKQYFNDNGVDGEWTYDDATKTFTVTE
A34G,-1.461,MTYKLILNGKTLKGETTTEAVDAATAEKVFKQYGNDNGVDGEWTYDDATKTFTVTE
A34H,-3.191,MTYKLILNGKTLKGETTTEAVDAATAEKVFKQYHNDNGVDGEWTYDDATKTFTVTE
A34K,-2.81,MTYKLILNGKTLKGETTTEAVDAATAEKVFKQYKNDNGVDGEWTYDDATKTFTVTE
A34M,-0.4539,MTYKLILNGKTLKGETTTEAVDAATAEKVFKQYMNDNGVDGEWTYDDATKTFTVTE
A34N,-1.461,MTYKLILNGKTLKGETTTEAVDAATAEKVFKQYNNDNGVDGEWTYDDATKTFTVTE
A34Q,-2.332,MTYKLILNGKTLKGETTTEAVDAATAEKVFKQYQNDNGVDGEWTYDDATKTFTVTE
A34R,-2.928,MTYKLILNGKTLKGETTTEAVDAATAEKVFKQYRNDNGVDGEWTYDDATKTFTVTE
A34S,-0.5321,MTYKLILNGKTLKGETTTEAVDAATAEKVFKQYSNDNGVDGEWTYDDATKTFTVTE
A34T,-0.3816,MTYKLILNGKTLKGETTTEAVDAATAEKVFKQYTNDNGVDGEWTYDDATKTFTVTE
A34V,0.01522,MTYKLILNGKTLKGETTTEAVDAATAEKVFKQYVNDNGVDGEWTYDDATKTFTVTE
A34Y,-1.998,MTYKLILNGKTLKGETTTEAVDAATAEKVFKQYYNDNGVDGEWTYDDATKTFTVTE
A48E,0.4587,MTYKLILNGKTLKGETTTEAVDAATAEKVFKQYANDNGVDGEWTYDDETKTFTVTE
A48F,0.004024,MTYKLILNGKTLKGETTTEAVDAATAEKVFKQYANDNGVDGEWTYDDFTKTFTVTE
A48G,-0.1165,MTYKLILNGKTLKGETTTEAVDAATAEKVFKQYANDNGVDGEWTYDDGTKTFTVTE
A48H,-0.08335,MTYKLILNGKTLKGETTTEAVDAATAEKVFKQYANDNGVDGEWTYDDHTKTFTVTE
A48I,0.06508,MTYKLILNGKTLKGETTTEAVDAATAEKVFKQYANDNGVDGEWTYDDITKTFTVTE
A48K,0.4986,MTYKLILNGKTLKGETTTEAVDAATAEKVFKQYANDNGVDGEWTYDDKTKTFTVTE
A48M,-0.03654,MTYKLILNGKTLKGETTTEAVDAATAEKVFKQYANDNGVDGEWTYDDMTKTFTVTE
A48N,0.1345,MTYKLILNGKTLKGETTTEAVDAATAEKVFKQYANDNGVDGEWTYDDNTKTFTVTE
A48P,0.01175,MTYKLILNGKTLKGETTTEAVDAATAEKVFKQYANDNGVDGEWTYDDPTKTFTVTE
A48Q,0.5385,MTYKLILNGKTLKGETTTEAVDAATAEKVFKQYANDNGVDGEWTYDDQTKTFTVTE
A48R,0.1224,MTYKLILNGKTLKGETTTEAVDAATAEKVFKQYANDNGVDGEWTYDDRTKTFTVTE
A48S,0.2873,MTYKLILNGKTLKGETTTEAVDAATAEKVFKQYANDNGVDGEWTYDDSTKTFTVTE
A48T,0.1552,MTYKLILNGKTLKGETTTEAVDAATAEKVFKQYANDNGVDGEWTYDDTTKTFTVTE
A48V,0.3335,MTYKLILNGKTLKGETTTEAVDAATAEKVFKQYANDNGVDGEWTYDDVTKTFTVTE
A48Y,0.4127,MTYKLILNGKTLKGETTTEAVDAATAEKVFKQYANDNGVDGEWTYDDYTKTFTVTE
D22A,-1.078,MTYKLILNGKTLKGETTTEAVAAATAEKVFKQYANDNGVDGEWTYDDATKTFTVTE
D22E,-0.8214,MTYKLILNGKTLKGETTTEAVEAATAEKVFKQYANDNGVDGEWTYDDATKTFTVTE
D22F,-1.075,MTYKLILNGKTLKGETTTEAVFAATAEKVFKQYANDNGVDGEWTYDDATKTFTVTE
D22H,-0.9863,MTYKLILNGKTLKGETTTEAVHAATAEKVFKQYANDNGVDGEWTYDDATKTFTVTE
D22I,-2.207,MTYKLILNGKTLKGETTTEAVIAATAEKVFKQYANDNGVDGEWTYDDATKTFTVTE
D22K,-1.217,MTYKLILNGKTLKGETTTEAVKAATAEKVFKQYANDNGVDGEWTYDDATKTFTVTE
D22L,-1.175,MTYKLILNGKTLKGETTTEAVLAATAEKVFKQYANDNGVDGEWTYDDATKTFTVTE
D22N,0.2102,MTYKLILNGKTLKGETTTEAVNAATAEKVFKQYANDNGVDGEWTYDDATKTFTVTE
D22P,-2.932,MTYKLILNGKTLKGETTTEAVPAATAEKVFKQYANDNGVDGEWTYDDATKTFTVTE
D22Q,-1.206,MTYKLILNGKTLKGETTTEAVQAATAEKVFKQYANDNGVDGEWTYDDATKTFTVTE
D22R,-1.47,MTYKLILNGKTLKGETTTEAVRAATAEKVFKQYANDNGVDGEWTYDDATKTFTVTE
D22S,0.6246,MTYKLILNGKTLKGETTTEAVSAATAEKVFKQYANDNGVDGEWTYDDATKTFTVTE
D22T,-0.4365,MTYKLILNGKTLKGETTTEAVTAATAEKVFKQYANDNGVDGEWTYDDATKTFTVTE
D22Y,-1.166,MTYKLILNGKTLKGETTTEAVYAATAEKVFKQYANDNGVDGEWTYDDATKTFTVTE
D36A,0.3988,MTYKLILNGKTLKGETTTEAVDAATAEKVFKQYANANGVDGEWTYDDATKTFTVTE
D36E,1.051,MTYKLILNGKTLKGETTTEAVDAATAEKVFKQYANENGVDGEWTYDDATKTFTVTE
D36F,-0.05938,MTYKLILNGKTLKGETTTEAVDAATAEKVFKQYANFNGVDGEWTYDDATKTFTVTE
D36G,-0.9505,MTYKLILNGKTLKGETTTEAVDAATAEKVFKQYANGNGVDGEWTYDDATKTFTVTE
D36H,-0.09497,MTYKLILNGKTLKGETTTEAVDAATAEKVFKQYANHNGVDGEWTYDDATKTFTVTE
D36K,0.1981,MTYKLILNGKTLKGETTTEAVDAATAEKVFKQYANKNGVDGEWTYDDATKTFTVTE
D36L,0.2918,MTYKLILNGKTLKGETTTEAVDAATAEKVFKQYANLNGVDGEWTYDDATKTFTVTE
D36M,0.4983,MTYKLILNGKTLKGETTTEAVDAATAEKVFKQYANMNGVDGEWTYDDATKTFTVTE
D36N,0.4932,MTYKLILNGKTLKGETTTEAVDAATAEKVFKQYANNNGVDGEWTYDDATKTFTVTE
D36P,-2.704,MTYKLILNGKTLKGETTTEAVDAATAEKVFKQYANPNGVDGEWTYDDATKTFTVTE
D36R,0.4081,MTYKLILNGKTLKGETTTEAVDAATAEKVFKQYANRNGVDGEWTYDDATKTFTVTE
D36S,0.4628,MTYKLILNGKTLKGETTTEAVDAATAEKVFKQYANSNGVDGEWTYDDATKTFTVTE
D36Y,0.4349,MTYKLILNGKTLKGETTTEAVDAATAEKVFKQYANYNGVDGEWTYDDATKTFTVTE
D40A,0.1153,MTYKLILNGKTLKGETTTEAVDAATAEKVFKQYANDNGVAGEWTYDDATKTFTVTE
D40E,0.5006,MTYKLILNGKTLKGETTTEAVDAATAEKVFKQYANDNGVEGEWTYDDATKTFTVTE
D40F,0.8243,MTYKLILNGKTLKGETTTEAVDAATAEKVFKQYANDNGVFGEWTYDDATKTFTVTE
D40G,-0.1589,MTYKLILNGKTLKGETTTEAVDAATAEKVFKQYANDNGVGGEWTYDDATKTFTVTE
D40I,0.5893,MTYKLILNGKTLKGETTTEAVDAATAEKVFKQYANDNGVIGEWTYDDATKTFTVTE
D40N,0.6686,MTYKLILNGKTLKGETTTEAVDAATAEKVFKQYANDNGVNGEWTYDDATKTFTVTE
D40P,-1.723,MTYKLILNGKTLKGETTTEAVDAATAEKVFKQYANDNGVPGEWTYDDATKTFTVTE
D40Q,0.7176,MTYKLILNGKTLKGETTTEAVDAATAEKVFKQYANDNGVQGEWTYDDATKTFTVTE
D40R,0.5541,MTYKLILNGKTLKGETTTEAVDAATAEKVFKQYANDNGVRGEWTYDDATKTFTVTE
D40S,0.5632,MTYKLILNGKTLKGETTTEAVDAATAEKVFKQYANDNGVSGEWTYDDATKTFTVTE
D40T,0.5705,MTYKLILNGKTLKGETTTEAVDAATAEKVFKQYANDNGVTGEWTYDDATKTFTVTE
D40V,0.5867,MTYKLILNGKTLKGETTTEAVDAATAEKVFKQYANDNGVVGEWTYDDATKTFTVTE
D40Y,0.8437,MTYKLILNGKTLKGETTTEAVDAATAEKVFKQYANDNGVYGEWTYDDATKTFTVTE
D46A,-1.828,MTYKLILNGKTLKGETTTEAVDAATAEKVFKQYANDNGVDGEWTYADATKTFTVTE
D46E,-0.0487,MTYKLILNGKTLKGETTTEAVDAATAEKVFKQYANDNGVDGEWTYEDATKTFTVTE
D46F,-0.5241,MTYKLILNGKTLKGETTTEAVDAATAEKVFKQYANDNGVDGEWTYFDATKTFTVTE
D46G,-2.667,MTYKLILNGKTLKGETTTEAVDAATAEKVFKQYANDNGVDGEWTYGDATKTFTVTE
D46H,-0.8399,MTYKLILNGKTLKGETTTEAVDAATAEKVFKQYANDNGVDGEWTYHDATKTFTVTE
D46I,-0.5677,MTYKLILNGKTLKGETTTEAVDAATAEKVFKQYANDNGVDGEWTYIDATKTFTVTE
D46M,-0.8416,MTYKLILNGKTLKGETTTEAVDAATAEKVFKQYANDNGVDGEWTYMDATKTFTVTE
D46Q,-0.3826,MTYKLILNGKTLKGETTTEAVDAATAEKVFKQYANDNGVDGEWTYQDATKTFTVTE
D46R,-1.716,MTYKLILNGKTLKGETTTEAVDAATAEKVFKQYANDNGVDGEWTYRDATKTFTVTE
D46S,-0.1975,MTYKLILNGKTLKGETTTEAVDAATAEKVFKQYANDNGVDGEWTYSDATKTFTVTE
D46T,-0.8039,MTYKLILNGKTLKGETTTEAVDAATAEKVFKQYANDNGVDGEWTYTDATKTFTVTE
D46Y,-1.309,MTYKLILNGKTLKGETTTEAVDAATAEKVFKQYANDNGVDGEWTYYDATKTFTVTE
D47A,0.2221,MTYKLILNGKTLKGETTTEAVDAATAEKVFKQYANDNGVDGEWTYDAATKTFTVTE
D47E,0.6884,MTYKLILNGKTLKGETTTEAVDAATAEKVFKQYANDNGVDGEWTYDEATKTFTVTE
D47H,-0.1733,MTYKLILNGKTLKGETTTEAVDAATAEKVFKQYANDNGVDGEWTYDHATKTFTVTE
D47I,0.7419,MTYKLILNGKTLKGETTTEAVDAATAEKVFKQYANDNGVDGEWTYDIATKTFTVTE
D47K,0.3256,MTYKLILNGKTLKGETTTEAVDAATAEKVFKQYANDNGVDGEWTYDKATKTFTVTE
D47L,-0.3316,MTYKLILNGKTLKGETTTEAVDAATAEKVFKQYANDNGVDGEWTYDLATKTFTVTE
D47M,-0.7547,MTYKLILNGKTLKGETTTEAVDAATAEKVFKQYANDNGVDGEWTYDMATKTFTVTE
D47N,0.3454,MTYKLILNGKTLKGETTTEAVDAATAEKVFKQYANDNGVDGEWTYDNATKTFTVTE
D47P,0.8987,MTYKLILNGKTLKGETTTEAVDAATAEKVFKQYANDNGVDGEWTYDPATKTFTVTE
D47Q,0.5846,MTYKLILNGKTLKGETTTEAVDAATAEKVFKQYANDNGVDGEWTYDQATKTFTVTE
D47R,0.1762,MTYKLILNGKTLKGETTTEAVDAATAEKVFKQYANDNGVDGEWTYDRATKTFTVTE
D47S,0.4559,MTYKLILNGKTLKGETTTEAVDAATAEKVFKQYANDNGVDGEWTYDSATKTFTVTE
D47T,-0.06607,MTYKLILNGKTLKGETTTEAVDAATAEKVFKQYANDNGVDGEWTYDTATKTFTVTE
D47V,-0.00552,MTYKLILNGKTLKGETTTEAVDAATAEKVFKQYANDNGVDGEWTYDVATKTFTVTE
D47Y,0.3546,MTYKLILNGKTLKGETTTEAVDAATAEKVFKQYANDNGVDGEWTYDYATKTFTVTE
E15A,0.4153,MTYKLILNGKTLKGATTTEAVDAATAEKVFKQYANDNGVDGEWTYDDATKTFTVTE
E15F,0.5656,MTYKLILNGKTLKGFTTTEAVDAATAEKVFKQYANDNGVDGEWTYDDATKTFTVTE
E15G,-0.219,MTYKLILNGKTLKGGTTTEAVDAATAEKVFKQYANDNGVDGEWTYDDATKTFTVTE
E15K,0.1296,MTYKLILNGKTLKGKTTTEAVDAATAEKVFKQYANDNGVDGEWTYDDATKTFTVTE
E15M,0.7185,MTYKLILNGKTLKGMTTTEAVDAATAEKVFKQYANDNGVDGEWTYDDATKTFTVTE
E15P,-1.979,MTYKLILNGKTLKGPTTTEAVDAATAEKVFKQYANDNGVDGEWTYDDATKTFTVTE
E15R,0.2761,MTYKLILNGKTLKGRTTTEAVDAATAEKVFKQYANDNGVDGEWTYDDATKTFTVTE
E15S,0.165,MTYKLILNGKTLKGSTTTEAVDAATAEKVFKQYANDNGVDGEWTYDDATKTFTVTE
E15T,0.01162,MTYKLILNGKTLKGTTTTEAVDAATAEKVFKQYANDNGVDGEWTYDDATKTFTVTE
E15V,0.9221,MTYKLILNGKTLKGVTTTEAVDAATAEKVFKQYANDNGVDGEWTYDDATKTFTVTE
E19D,0.2036,MTYKLILNGKTLKGETTTDAVDAATAEKVFKQYANDNGVDGEWTYDDATKTFTVTE
E19F,0.8412,MTYKLILNGKTLKGETTTFAVDAATAEKVFKQYANDNGVDGEWTYDDATKTFTVTE
E19H,0.01886,MTYKLILNGKTLKGETTTHAVDAATAEKVFKQYANDNGVDGEWTYDDATKTFTVTE
E19I,0.9345,MTYKLILNGKTLKGETTTIAVDAATAEKVFKQYANDNGVDGEWTYDDATKTFTVTE
E19K,0.4203,MTYKLILNGKTLKGETTTKAVDAATAEKVFKQYANDNGVDGEWTYDDATKTFTVTE
E19L,0.3686,MTYKLILNGKTLKGETTTLAVDAATAEKVFKQYANDNGVDGEWTYDDATKTFTVTE
E19M,0.1866,MTYKLILNGKTLKGETTTMAVDAATAEKVFKQYANDNGVDGEWTYDDATKTFTVTE
E19N,0.6401,MTYKLILNGKTLKGETTTNAVDAATAEKVFKQYANDNGVDGEWTYDDATKTFTVTE
E19Q,0.5158,MTYKLILNGKTLKGETTTQAVDAATAEKVFKQYANDNGVDGEWTYDDATKTFTVTE
E19R,0.7238,MTYKLILNGKTLKGETTTRAVDAATAEKVFKQYANDNGVDGEWTYDDATKTFTVTE
E19S,0.1053,MTYKLILNGKTLKGETTTSAVDAATAEKVFKQYANDNGVDGEWTYDDATKTFTVTE
E19T,0.6515,MTYKLILNGKTLKGETTTTAVDAATAEKVFKQYANDNGVDGEWTYDDATKTFTVTE
E19V,-0.09325,MTYKLILNGKTLKGETTTVAVDAATAEKVFKQYANDNGVDGEWTYDDATKTFTVTE
E19Y,0.774,MTYKLILNGKTLKGETTTYAVDAATAEKVFKQYANDNGVDGEWTYDDATKTFTVTE
E27A,0.4055,MTYKLILNGKTLKGETTTEAVDAATAAKVFKQYANDNGVDGEWTYDDATKTFTVTE
E27F,1.915,MTYKLILNGKTLKGETTTEAVDAATAFKVFKQYANDNGVDGEWTYDDATKTFTVTE
E27G,0.005568,MTYKLILNGKTLKGETTTEAVDAATAGKVFKQYANDNGVDGEWTYDDATKTFTVTE
E27I,0.09868,MTYKLILNGKTLKGETTTEAVDAATAIKVFKQYANDNGVDGEWTYDDATKTFTVTE
E27K,0.8303,MTYKLILNGKTLKGETTTEAVDAATAKKVFKQYANDNGVDGEWTYDDATKTFTVTE
E27L,1.815,MTYKLILNGKTLKGETTTEAVDAATALKVFKQYANDNGVDGEWTYDDATKTFTVTE
E27M,0.9275,MTYKLILNGKTLKGETTTEAVDAATAMKVFKQYANDNGVDGEWTYDDATKTFTVTE
E27N,-1.638,MTYKLILNGKTLKGETTTEAVDAATANKVFKQYANDNGVDGEWTYDDATKTFTVTE
E27Q,0.4424,MTYKLILNGKTLKGETTTEAVDAATAQKVFKQYANDNGVDGEWTYDDATKTFTVTE
E27R,0.4369,MTYKLILNGKTLKGETTTEAVDAATARKVFKQYANDNGVDGEWTYDDATKTFTVTE
E27S,-0.3593,MTYKLILNGKTLKGETTTEAVDAATASKVFKQYANDNGVDGEWTYDDATKTFTVTE
E27T,-1.036,MTYKLILNGKTLKGETTTEAVDAATATKVFKQYANDNGVDGEWTYDDATKTFTVTE
E27V,-0.9147,MTYKLILNGKTLKGETTTEAVDAATAVKVFKQYANDNGVDGEWTYDDATKTFTVTE
E27Y,0.2636,MTYKLILNGKTLKGETTTEAVDAATAYKVFKQYANDNGVDGEWTYDDATKTFTVTE
E42A,0.6756,MTYKLILNGKTLKGETTTEAVDAATAEKVFKQYANDNGVDGAWTYDDATKTFTVTE
E42D,0.6086,MTYKLILNGKTLKGETTTEAVDAATAEKVFKQYANDNGVDGDWTYDDATKTFTVTE
E42F,0.625,MTYKLILNGKTLKGETTTEAVDAATAEKVFKQYANDNGVDGFWTYDDATKTFTVTE
E42G,-0.8815,MTYKLILNGKTLKGETTTEAVDAATAEKVFKQYANDNGVDGGWTYDDATKTFTVTE
E42I,1.191,MTYKLILNGKTLKGETTTEAVDAATAEKVFKQYANDNGVDGIWTYDDATKTFTVTE
E42K,0.6484,MTYKLILNGKTLKGETTTEAVDAATAEKVFKQYANDNGVDGKWTYDDATKTFTVTE
E42L,0.607,MTYKLILNGKTLKGETTTEAVDAATAEKVFKQYANDNGVDGLWTYDDATKTFTVTE
E42M,0.4159,MTYKLILNGKTLKGETTTEAVDAATAEKVFKQYANDNGVDGMWTYDDATKTFTVTE
E42N,0.2477,MTYKLILNGKTLKGETTTEAVDAATAEKVFKQYANDNGVDGNWTYDDATKTFTVTE
E42P,-1.255,MTYKLILNGKTLKGETTTEAVDAATAEKVFKQYANDNGVDGPWTYDDATKTFTVTE
E42R,0.5541,MTYKLILNGKTLKGETTTEAVDAATAEKVFKQYANDNGVDGRWTYDDATKTFTVTE
E42S,0.005709,MTYKLILNGKTLKGETTTEAVDAATAEKVFKQYANDNGVDGSWTYDDATKTFTVTE
E42T,0.1269,MTYKLILNGKTLKGETTTEAVDAATAEKVFKQYANDNGVDGTWTYDDATKTFTVTE
E42V,0.2759,MTYKLILNGKTLKGETTTEAVDAATAEKVFKQYANDNGVDGVWTYDDATKTFTVTE
E42Y,0.694,MTYKLILNGKTLKGETTTEAVDAATAEKVFKQYANDNGVDGYWTYDDATKTFTVTE
E56A,-0.1844,MTYKLILNGKTLKGETTTEAVDAATAEKVFKQYANDNGVDGEWTYDDATKTFTVTA
E56D,-0.1048,MTYKLILNGKTLKGETTTEAVDAATAEKVFKQYANDNGVDGEWTYDDATKTFTVTD
E56I,0.01867,MTYKLILNGKTLKGETTTEAVDAATAEKVFKQYANDNGVDGEWTYDDATKTFTVTI
E56K,-1.043,MTYKLILNGKTLKGETTTEAVDAATAEKVFKQYANDNGVDGEWTYDDATKTFTVTK
E56L,-0.1419,MTYKLILNGKTLKGETTTEAVDAATAEKVFKQYANDNGVDGEWTYDDATKTFTVTL
E56M,-0.2874,MTYKLILNGKTLKGETTTEAVDAATAEKVFKQYANDNGVDGEWTYDDATKTFTVTM
E56N,0.1297,MTYKLILNGKTLKGETTTEAVDAATAEKVFKQYANDNGVDGEWTYDDATKTFTVTN
E56P,-0.6575,MTYKLILNGKTLKGETTTEAVDAATAEKVFKQYANDNGVDGEWTYDDATKTFTVTP
E56R,-1.339,MTYKLILNGKTLKGETTTEAVDAATAEKVFKQYANDNGVDGEWTYDDATKTFTVTR
E56S,-0.1691,MTYKLILNGKTLKGETTTEAVDAATAEKVFKQYANDNGVDGEWTYDDATKTFTVTS
E56T,-0.2044,MTYKLILNGKTLKGETTTEAVDAATAEKVFKQYANDNGVDGEWTYDDATKTFTVTT
E56Y,0.6801,MTYKLILNGKTLKGETTTEAVDAATAEKVFKQYANDNGVDGEWTYDDATKTFTVTY
F30A,-3.04,MTYKLILNGKTLKGETTTEAVDAATAEKVAKQYANDNGVDGEWTYDDATKTFTVTE
F30D,-0.5043,MTYKLILNGKTLKGETTTEAVDAATAEKVDKQYANDNGVDGEWTYDDATKTFTVTE
F30L,-0.4824,MTYKLILNGKTLKGETTTEAVDAATAEKVLKQYANDNGVDGEWTYDDATKTFTVTE
F30M,-1.663,MTYKLILNGKTLKGETTTEAVDAATAEKVMKQYANDNGVDGEWTYDDATKTFTVTE
F30R,-0.2781,MTYKLILNGKTLKGETTTEAVDAATAEKVRKQYANDNGVDGEWTYDDATKTFTVTE
F52H,-2.656,MTYKLILNGKTLKGETTTEAVDAATAEKVFKQYANDNGVDGEWTYDDATKTHTVTE
F52I,-0.2429,MTYKLILNGKTLKGETTTEAVDAATAEKVFKQYANDNGVDGEWTYDDATKTITVTE
F52L,-2.526,MTYKLILNGKTLKGETTTEAVDAATAEKVFKQYANDNGVDGEWTYDDATKTLTVTE
F52P,-1.719,MTYKLILNGKTLKGETTTEAVDAATAEKVFKQYANDNGVDGEWTYDDATKTPTVTE
F52Y,-0.3431,MTYKLILNGKTLKGETTTEAVDAATAEKVFKQYANDNGVDGEWTYDDATKTYTVTE
G09A,-0.2526,MTYKLILNAKTLKGETTTEAVDAATAEKVFKQYANDNGVDGEWTYDDATKTFTVTE
G09D,-2.502,MTYKLILNDKTLKGETTTEAVDAATAEKVFKQYANDNGVDGEWTYDDATKTFTVTE
G09E,-1.997,MTYKLILNEKTLKGETTTEAVDAATAEKVFKQYANDNGVDGEWTYDDATKTFTVTE
G09H,-1.22,MTYKLILNHKTLKGETTTEAVDAATAEKVFKQYANDNGVDGEWTYDDATKTFTVTE
G09I,-0.5926,MTYKLILNIKTLKGETTTEAVDAATAEKVFKQYANDNGVDGEWTYDDATKTFTVTE
G09M,-0.5478,MTYKLILNMKTLKGETTTEAVDAATAEKVFKQYANDNGVDGEWTYDDATKTFTVTE
G09P,-2.381,MTYKLILNPKTLKGETTTEAVDAATAEKVFKQYANDNGVDGEWTYDDATKTFTVTE
G09Q,-1.055,MTYKLILNQKTLKGETTTEAVDAATAEKVFKQYANDNGVDGEWTYDDATKTFTVTE
G09T,0.3,MTYKLILNTKTLKGETTTEAVDAATAEKVFKQYANDNGVDGEWTYDDATKTFTVTE
G09V,-0.4168,MTYKLILNVKTLKGETTTEAVDAATAEKVFKQYANDNGVDGEWTYDDATKTFTVTE
G09Y,-0.5363,MTYKLILNYKTLKGETTTEAVDAATAEKVFKQYANDNGVDGEWTYDDATKTFTVTE
G14A,0.5122,MTYKLILNGKTLKAETTTEAVDAATAEKVFKQYANDNGVDGEWTYDDATKTFTVTE
G14D,0.1038,MTYKLILNGKTLKDETTTEAVDAATAEKVFKQYANDNGVDGEWTYDDATKTFTVTE
G14F,0.6704,MTYKLILNGKTLKFETTTEAVDAATAEKVFKQYANDNGVDGEWTYDDATKTFTVTE
G14H,0.08403,MTYKLILNGKTLKHETTTEAVDAATAEKVFKQYANDNGVDGEWTYDDATKTFTVTE
G14K,0.7175,MTYKLILNGKTLKKETTTEAVDAATAEKVFKQYANDNGVDGEWTYDDATKTFTVTE
G14M,0.9401,MTYKLILNGKTLKMETTTEAVDAATAEKVFKQYANDNGVDGEWTYDDATKTFTVTE
G14N,0.02504,MTYKLILNGKTLKNETTTEAVDAATAEKVFKQYANDNGVDGEWTYDDATKTFTVTE
G14P,-0.8771,MTYKLILNGKTLKPETTTEAVDAATAEKVFKQYANDNGVDGEWTYDDATKTFTVTE
G14Q,0.5181,MTYKLILNGKTLKQETTTEAVDAATAEKVFKQYANDNGVDGEWTYDDATKTFTVTE
G14R,0.8728,MTYKLILNGKTLKRETTTEAVDAATAEKVFKQYANDNGVDGEWTYDDATKTFTVTE
G14S,0.5117,MTYKLILNGKTLKSETTTEAVDAATAEKVFKQYANDNGVDGEWTYDDATKTFTVTE
G14T,0.3898,MTYKLILNGKTLKTETTTEAVDAATAEKVFKQYANDNGVDGEWTYDDATKTFTVTE
G14V,0.5203,MTYKLILNGKTLKVETTTEAVDAATAEKVFKQYANDNGVDGEWTYDDATKTFTVTE
G38A,-0.2928,MTYKLILNGKTLKGETTTEAVDAATAEKVFKQYANDNAVDGEWTYDDATKTFTVTE
G38D,0.05173,MTYKLILNGKTLKGETTTEAVDAATAEKVFKQYANDNDVDGEWTYDDATKTFTVTE
G38E,-0.1315,MTYKLILNGKTLKGETTTEAVDAATAEKVFKQYANDNEVDGEWTYDDATKTFTVTE
G38F,-0.1966,MTYKLILNGKTLKGETTTEAVDAATAEKVFKQYANDNFVDGEWTYDDATKTFTVTE
G38H,0.5023,MTYKLILNGKTLKGETTTEAVDAATAEKVFKQYANDNHVDGEWTYDDATKTFTVTE
G38L,0.04239,MTYKLILNGKTLKGETTTEAVDAATAEKVFKQYANDNLVDGEWTYDDATKTFTVTE
G38N,0.3001,MTYKLILNGKTLKGETTTEAVDAATAEKVFKQYANDNNVDGEWTYDDATKTFTVTE
G38P,-2.741,MTYKLILNGKTLKGETTTEAVDAATAEKVFKQYANDNPVDGEWTYDDATKTFTVTE
G38R,-0.4179,MTYKLILNGKTLKGETTTEAVDAATAEKVFKQYANDNRVDGEWTYDDATKTFTVTE
G38T,-1.006,MTYKLILNGKTLKGETTTEAVDAATAEKVFKQYANDNTVDGEWTYDDATKTFTVTE
G38V,-1.306,MTYKLILNGKTLKGETTTEAVDAATAEKVFKQYANDNVVDGEWTYDDATKTFTVTE
G38Y,-0.4339,MTYKLILNGKTLKGETTTEAVDAATAEKVFKQYANDNYVDGEWTYDDATKTFTVTE
G41A,0.4935,MTYKLILNGKTLKGETTTEAVDAATAEKVFKQYANDNGVDAEWTYDDATKTFTVTE
G41F,-2.315,MTYKLILNGKTLKGETTTEAVDAATAEKVFKQYANDNGVDFEWTYDDATKTFTVTE
G41K,-2.411,MTYKLILNGKTLKGETTTEAVDAATAEKVFKQYANDNGVDKEWTYDDATKTFTVTE
G41Y,-2.488,MTYKLILNGKTLKGETTTEAVDAATAEKVFKQYANDNGVDYEWTYDDATKTFTVTE
I06A,-1.252,MTYKLALNGKTLKGETTTEAVDAATAEKVFKQYANDNGVDGEWTYDDATKTFTVTE
I06E,-1.028,MTYKLELNGKTLKGETTTEAVDAATAEKVFKQYANDNGVDGEWTYDDATKTFTVTE
I06F,-0.1041,MTYKLFLNGKTLKGETTTEAVDAATAEKVFKQYANDNGVDGEWTYDDATKTFTVTE
I06G,-3.076,MTYKLGLNGKTLKGETTTEAVDAATAEKVFKQYANDNGVDGEWTYDDATKTFTVTE
I06H,-1.059,MTYKLHLNGKTLKGETTTEAVDAATAEKVFKQYANDNGVDGEWTYDDATKTFTVTE
I06K,-0.4732,MTYKLKLNGKTLKGETTTEAVDAATAEKVFKQYANDNGVDGEWTYDDATKTFTVTE
I06L,-0.1139,MTYKLLLNGKTLKGETTTEAVDAATAEKVFKQYANDNGVDGEWTYDDATKTFTVTE
I06M,-0.5008,MTYKLMLNGKTLKGETTTEAVDAATAEKVFKQYANDNGVDGEWTYDDATKTFTVTE
I06N,-0.7986,MTYKLNLNGKTLKGETTTEAVDAATAEKVFKQYANDNGVDGEWTYDDATKTFTVTE
I06Q,-0.5795,MTYKLQLNGKTLKGETTTEAVDAATAEKVFKQYANDNGVDGEWTYDDATKTFTVTE
I06R,-0.6629,MTYKLRLNGKTLKGETTTEAVDAATAEKVFKQYANDNGVDGEWTYDDATKTFTVTE
I06T,-0.9127,MTYKLTLNGKTLKGETTTEAVDAATAEKVFKQYANDNGVDGEWTYDDATKTFTVTE
I06V,0.4875,MTYKLVLNGKTLKGETTTEAVDAATAEKVFKQYANDNGVDGEWTYDDATKTFTVTE
I06Y,-0.21,MTYKLYLNGKTLKGETTTEAVDAATAEKVFKQYANDNGVDGEWTYDDATKTFTVTE
K04A,-0.3378,MTYALILNGKTLKGETTTEAVDAATAEKVFKQYANDNGVDGEWTYDDATKTFTVTE
K04F,1.04,MTYFLILNGKTLKGETTTEAVDAATAEKVFKQYANDNGVDGEWTYDDATKTFTVTE
K04G,-1.228,MTYGLILNGKTLKGETTTEAVDAATAEKVFKQYANDNGVDGEWTYDDATKTFTVTE
K04H,0.7357,MTYHLILNGKTLKGETTTEAVDAATAEKVFKQYANDNGVDGEWTYDDATKTFTVTE
K04I,1.082,MTYILILNGKTLKGETTTEAVDAATAEKVFKQYANDNGVDGEWTYDDATKTFTVTE
K04L,-0.2145,MTYLLILNGKTLKGETTTEAVDAATAEKVFKQYANDNGVDGEWTYDDATKTFTVTE
K04M,0.491,MTYMLILNGKTLKGETTTEAVDAATAEKVFKQYANDNGVDGEWTYDDATKTFTVTE
K04N,-0.2063,MTYNLILNGKTLKGETTTEAVDAATAEKVFKQYANDNGVDGEWTYDDATKTFTVTE
K04R,0.773,MTYRLILNGKTLKGETTTEAVDAATAEKVFKQYANDNGVDGEWTYDDATKTFTVTE
K04T,0.4815,MTYTLILNGKTLKGETTTEAVDAATAEKVFKQYANDNGVDGEWTYDDATKTFTVTE
K10A,0.2171,MTYKLILNGATLKGETTTEAVDAATAEKVFKQYANDNGVDGEWTYDDATKTFTVTE
K10D,-0.4953,MTYKLILNGDTLKGETTTEAVDAATAEKVFKQYANDNGVDGEWTYDDATKTFTVTE
K10E,0.5532,MTYKLILNGETLKGETTTEAVDAATAEKVFKQYANDNGVDGEWTYDDATKTFTVTE
K10F,0.223,MTYKLILNGFTLKGETTTEAVDAATAEKVFKQYANDNGVDGEWTYDDATKTFTVTE
K10H,0.1534,MTYKLILNGHTLKGETTTEAVDAATAEKVFKQYANDNGVDGEWTYDDATKTFTVTE
K10I,0.5619,MTYKLILNGITLKGETTTEAVDAATAEKVFKQYANDNGVDGEWTYDDATKTFTVTE
K10L,0.7221,MTYKLILNGLTLKGETTTEAVDAATAEKVFKQYANDNGVDGEWTYDDATKTFTVTE
K10M,0.2474,MTYKLILNGMTLKGETTTEAVDAATAEKVFKQYANDNGVDGEWTYDDATKTFTVTE
K10N,0.09672,MTYKLILNGNTLKGETTTEAVDAATAEKVFKQYANDNGVDGEWTYDDATKTFTVTE
K10P,-0.177,MTYKLILNGPTLKGETTTEAVDAATAEKVFKQYANDNGVDGEWTYDDATKTFTVTE
K10Q,0.1136,MTYKLILNGQTLKGETTTEAVDAATAEKVFKQYANDNGVDGEWTYDDATKTFTVTE
K10R,0.6497,MTYKLILNGRTLKGETTTEAVDAATAEKVFKQYANDNGVDGEWTYDDATKTFTVTE
K10S,-0.1296,MTYKLILNGSTLKGETTTEAVDAATAEKVFKQYANDNGVDGEWTYDDATKTFTVTE
K13A,0.2103,MTYKLILNGKTLAGETTTEAVDAATAEKVFKQYANDNGVDGEWTYDDATKTFTVTE
K13D,-0.4547,MTYKLILNGKTLDGETTTEAVDAATAEKVFKQYANDNGVDGEWTYDDATKTFTVTE
K13E,0.02498,MTYKLILNGKTLEGETTTEAVDAATAEKVFKQYANDNGVDGEWTYDDATKTFTVTE
K13G,-0.3534,MTYKLILNGKTLGGETTTEAVDAATAEKVFKQYANDNGVDGEWTYDDATKTFTVTE
K13H,0.4454,MTYKLILNGKTLHGETTTEAVDAATAEKVFKQYANDNGVDGEWTYDDATKTFTVTE
K13I,0.2273,MTYKLILNGKTLIGETTTEAVDAATAEKVFKQYANDNGVDGEWTYDDATKTFTVTE
K13L,-0.05833,MTYKLILNGKTLLGETTTEAVDAATAEKVFKQYANDNGVDGEWTYDDATKTFTVTE
K13M,0.317,MTYKLILNGKTLMGETTTEAVDAATAEKVFKQYANDNGVDGEWTYDDATKTFTVTE
K13N,0.01071,MTYKLILNGKTLNGETTTEAVDAATAEKVFKQYANDNGVDGEWTYDDATKTFTVTE
K13P,-0.9935,MTYKLILNGKTLPGETTTEAVDAATAEKVFKQYANDNGVDGEWTYDDATKTFTVTE
K13Q,1.07,MTYKLILNGKTLQGETTTEAVDAATAEKVFKQYANDNGVDGEWTYDDATKTFTVTE
K13R,0.326,MTYKLILNGKTLRGETTTEAVDAATAEKVFKQYANDNGVDGEWTYDDATKTFTVTE
K13S,0.5716,MTYKLILNGKTLSGETTTEAVDAATAEKVFKQYANDNGVDGEWTYDDATKTFTVTE
K13T,0.2514,MTYKLILNGKTLTGETTTEAVDAATAEKVFKQYANDNGVDGEWTYDDATKTFTVTE
K13V,0.5257,MTYKLILNGKTLVGETTTEAVDAATAEKVFKQYANDNGVDGEWTYDDATKTFTVTE
K28A,0.565,MTYKLILNGKTLKGETTTEAVDAATAEAVFKQYANDNGVDGEWTYDDATKTFTVTE
K28E,0.5592,MTYKLILNGKTLKGETTTEAVDAATAEEVFKQYANDNGVDGEWTYDDATKTFTVTE
K28F,0.2707,MTYKLILNGKTLKGETTTEAVDAATAEFVFKQYANDNGVDGEWTYDDATKTFTVTE
K28G,-0.007366,MTYKLILNGKTLKGETTTEAVDAATAEGVFKQYANDNGVDGEWTYDDATKTFTVTE
K28H,0.06766,MTYKLILNGKTLKGETTTEAVDAATAEHVFKQYANDNGVDGEWTYDDATKTFTVTE
K28L,0.3129,MTYKLILNGKTLKGETTTEAVDAATAELVFKQYANDNGVDGEWTYDDATKTFTVTE
K28M,0.5786,MTYKLILNGKTLKGETTTEAVDAATAEMVFKQYANDNGVDGEWTYDDATKTFTVTE
K28N,0.4428,MTYKLILNGKTLKGETTTEAVDAATAENVFKQYANDNGVDGEWTYDDATKTFTVTE
K28Q,0.6138,MTYKLILNGKTLKGETTTEAVDAATAEQVFKQYANDNGVDGEWTYDDATKTFTVTE
K28R,0.9133,MTYKLILNGKTLKGETTTEAVDAATAERVFKQYANDNGVDGEWTYDDATKTFTVTE
K28S,0.3627,MTYKLILNGKTLKGETTTEAVDAATAESVFKQYANDNGVDGEWTYDDATKTFTVTE
K28T,0.185,MTYKLILNGKTLKGETTTEAVDAATAETVFKQYANDNGVDGEWTYDDATKTFTVTE
K28V,0.2348,MTYKLILNGKTLKGETTTEAVDAATAEVVFKQYANDNGVDGEWTYDDATKTFTVTE
K28Y,0.2474,MTYKLILNGKTLKGETTTEAVDAATAEYVFKQYANDNGVDGEWTYDDATKTFTVTE
K31A,-0.4356,MTYKLILNGKTLKGETTTEAVDAATAEKVFAQYANDNGVDGEWTYDDATKTFTVTE
K31I,0.1853,MTYKLILNGKTLKGETTTEAVDAATAEKVFIQYANDNGVDGEWTYDDATKTFTVTE
K31L,0.172,MTYKLILNGKTLKGETTTEAVDAATAEKVFLQYANDNGVDGEWTYDDATKTFTVTE
K31M,0.3944,MTYKLILNGKTLKGETTTEAVDAATAEKVFMQYANDNGVDGEWTYDDATKTFTVTE
K31N,-0.5826,MTYKLILNGKTLKGETTTEAVDAATAEKVFNQYANDNGVDGEWTYDDATKTFTVTE
K31Q,0.4476,MTYKLILNGKTLKGETTTEAVDAATAEKVFQQYANDNGVDGEWTYDDATKTFTVTE
K31S,-0.7225,MTYKLILNGKTLKGETTTEAVDAATAEKVFSQYANDNGVDGEWTYDDATKTFTVTE
K31V,0.1874,MTYKLILNGKTLKGETTTEAVDAATAEKVFVQYANDNGVDGEWTYDDATKTFTVTE
K31Y,-0.4829,MTYKLILNGKTLKGETTTEAVDAATAEKVFYQYANDNGVDGEWTYDDATKTFTVTE
K50A,-0.1937,MTYKLILNGKTLKGETTTEAVDAATAEKVFKQYANDNGVDGEWTYDDATATFTVTE
K50D,-1.329,MTYKLILNGKTLKGETTTEAVDAATAEKVFKQYANDNGVDGEWTYDDATDTFTVTE
K50E,-1.087,MTYKLILNGKTLKGETTTEAVDAATAEKVFKQYANDNGVDGEWTYDDATETFTVTE
K50F,0.3438,MTYKLILNGKTLKGETTTEAVDAATAEKVFKQYANDNGVDGEWTYDDATFTFTVTE
K50G,-0.2322,MTYKLILNGKTLKGETTTEAVDAATAEKVFKQYANDNGVDGEWTYDDATGTFTVTE
K50H,0.8224,MTYKLILNGKTLKGETTTEAVDAATAEKVFKQYANDNGVDGEWTYDDATHTFTVTE
K50I,-1.524,MTYKLILNGKTLKGETTTEAVDAATAEKVFKQYANDNGVDGEWTYDDATITFTVTE
K50L,0.5464,MTYKLILNGKTLKGETTTEAVDAATAEKVFKQYANDNGVDGEWTYDDATLTFTVTE
K50M,-0.05043,MTYKLILNGKTLKGETTTEAVDAATAEKVFKQYANDNGVDGEWTYDDATMTFTVTE
K50N,0.3757,MTYKLILNGKTLKGETTTEAVDAATAEKVFKQYANDNGVDGEWTYDDATNTFTVTE
K50Q,1.167,MTYKLILNGKTLKGETTTEAVDAATAEKVFKQYANDNGVDGEWTYDDATQTFTVTE
K50S,-0.2897,MTYKLILNGKTLKGETTTEAVDAATAEKVFKQYANDNGVDGEWTYDDATSTFTVTE
K50T,-1.168,MTYKLILNGKTLKGETTTEAVDAATAEKVFKQYANDNGVDGEWTYDDATTTFTVTE
K50V,-1.345,MTYKLILNGKTLKGETTTEAVDAATAEKVFKQYANDNGVDGEWTYDDATVTFTVTE
K50Y,0.4603,MTYKLILNGKTLKGETTTEAVDAATAEKVFKQYANDNGVDGEWTYDDATYTFTVTE
L05A,-2.013,MTYKAILNGKTLKGETTTEAVDAATAEKVFKQYANDNGVDGEWTYDDATKTFTVTE
L05I,-1.341,MTYKIILNGKTLKGETTTEAVDAATAEKVFKQYANDNGVDGEWTYDDATKTFTVTE
L05M,-0.6775,MTYKMILNGKTLKGETTTEAVDAATAEKVFKQYANDNGVDGEWTYDDATKTFTVTE
L05R,0.7247,MTYKRILNGKTLKGETTTEAVDAATAEKVFKQYANDNGVDGEWTYDDATKTFTVTE
L05V,-1.251,MTYKVILNGKTLKGETTTEAVDAATAEKVFKQYANDNGVDGEWTYDDATKTFTVTE
L05Y,-2.758,MTYKYILNGKTLKGETTTEAVDAATAEKVFKQYANDNGVDGEWTYDDATKTFTVTE
L07A,-1.404,MTYKLIANGKTLKGETTTEAVDAATAEKVFKQYANDNGVDGEWTYDDATKTFTVTE
L07D,-3.108,MTYKLIDNGKTLKGETTTEAVDAATAEKVFKQYANDNGVDGEWTYDDATKTFTVTE
L07E,-2.786,MTYKLIENGKTLKGETTTEAVDAATAEKVFKQYANDNGVDGEWTYDDATKTFTVTE
L07H,-1.591,MTYKLIHNGKTLKGETTTEAVDAATAEKVFKQYANDNGVDGEWTYDDATKTFTVTE
L07M,0.4979,MTYKLIMNGKTLKGETTTEAVDAATAEKVFKQYANDNGVDGEWTYDDATKTFTVTE
L07P,-2.882,MTYKLIPNGKTLKGETTTEAVDAATAEKVFKQYANDNGVDGEWTYDDATKTFTVTE
L07Q,-1.537,MTYKLIQNGKTLKGETTTEAVDAATAEKVFKQYANDNGVDGEWTYDDATKTFTVTE
L07R,-2.072,MTYKLIRNGKTLKGETTTEAVDAATAEKVFKQYANDNGVDGEWTYDDATKTFTVTE
L07S,-1.794,MTYKLISNGKTLKGETTTEAVDAATAEKVFKQYANDNGVDGEWTYDDATKTFTVTE
L07T,-1.135,MTYKLITNGKTLKGETTTEAVDAATAEKVFKQYANDNGVDGEWTYDDATKTFTVTE
L07V,0.08476,MTYKLIVNGKTLKGETTTEAVDAATAEKVFKQYANDNGVDGEWTYDDATKTFTVTE
L07Y,-0.02215,MTYKLIYNGKTLKGETTTEAVDAATAEKVFKQYANDNGVDGEWTYDDATKTFTVTE
L12A,-0.2752,MTYKLILNGKTAKGETTTEAVDAATAEKVFKQYANDNGVDGEWTYDDATKTFTVTE
L12D,-0.6799,MTYKLILNGKTDKGETTTEAVDAATAEKVFKQYANDNGVDGEWTYDDATKTFTVTE
L12E,-0.2471,MTYKLILNGKTEKGETTTEAVDAATAEKVFKQYANDNGVDGEWTYDDATKTFTVTE
L12F,1.255,MTYKLILNGKTFKGETTTEAVDAATAEKVFKQYANDNGVDGEWTYDDATKTFTVTE
L12G,-0.2833,MTYKLILNGKTGKGETTTEAVDAATAEKVFKQYANDNGVDGEWTYDDATKTFTVTE
L12H,0.2832,MTYKLILNGKTHKGETTTEAVDAATAEKVFKQYANDNGVDGEWTYDDATKTFTVTE
L12I,0.9906,MTYKLILNGKTIKGETTTEAVDAATAEKVFKQYANDNGVDGEWTYDDATKTFTVTE
L12K,0.596,MTYKLILNGKTKKGETTTEAVDAATAEKVFKQYANDNGVDGEWTYDDATKTFTVTE
L12M,0.3446,MTYKLILNGKTMKGETTTEAVDAATAEKVFKQYANDNGVDGEWTYDDATKTFTVTE
L12N,0.08539,MTYKLILNGKTNKGETTTEAVDAATAEKVFKQYANDNGVDGEWTYDDATKTFTVTE
L12P,-1.231,MTYKLILNGKTPKGETTTEAVDAATAEKVFKQYANDNGVDGEWTYDDATKTFTVTE
L12Q,0.1395,MTYKLILNGKTQKGETTTEAVDAATAEKVFKQYANDNGVDGEWTYDDATKTFTVTE
L12R,0.2425,MTYKLILNGKTRKGETTTEAVDAATAEKVFKQYANDNGVDGEWTYDDATKTFTVTE
L12S,-0.0594,MTYKLILNGKTSKGETTTEAVDAATAEKVFKQYANDNGVDGEWTYDDATKTFTVTE
L12T,0.4164,MTYKLILNGKTTKGETTTEAVDAATAEKVFKQYANDNGVDGEWTYDDATKTFTVTE
L12Y,1.776,MTYKLILNGKTYKGETTTEAVDAATAEKVFKQYANDNGVDGEWTYDDATKTFTVTE
M01A,0.1407,ATYKLILNGKTLKGETTTEAVDAATAEKVFKQYANDNGVDGEWTYDDATKTFTVTE
M01D,0.3795,DTYKLILNGKTLKGETTTEAVDAATAEKVFKQYANDNGVDGEWTYDDATKTFTVTE
M01F,1.137,FTYKLILNGKTLKGETTTEAVDAATAEKVFKQYANDNGVDGEWTYDDATKTFTVTE
M01H,0.6688,HTYKLILNGKTLKGETTTEAVDAATAEKVFKQYANDNGVDGEWTYDDATKTFTVTE
M01I,0.4292,ITYKLILNGKTLKGETTTEAVDAATAEKVFKQYANDNGVDGEWTYDDATKTFTVTE
M01K,0.2732,KTYKLILNGKTLKGETTTEAVDAATAEKVFKQYANDNGVDGEWTYDDATKTFTVTE
M01N,0.4343,NTYKLILNGKTLKGETTTEAVDAATAEKVFKQYANDNGVDGEWTYDDATKTFTVTE
M01P,0.05926,PTYKLILNGKTLKGETTTEAVDAATAEKVFKQYANDNGVDGEWTYDDATKTFTVTE
M01R,0.5102,RTYKLILNGKTLKGETTTEAVDAATAEKVFKQYANDNGVDGEWTYDDATKTFTVTE
M01S,0.68,STYKLILNGKTLKGETTTEAVDAATAEKVFKQYANDNGVDGEWTYDDATKTFTVTE
M01T,0.4983,TTYKLILNGKTLKGETTTEAVDAATAEKVFKQYANDNGVDGEWTYDDATKTFTVTE
M01V,0.2675,VTYKLILNGKTLKGETTTEAVDAATAEKVFKQYANDNGVDGEWTYDDATKTFTVTE
M01Y,0.68,YTYKLILNGKTLKGETTTEAVDAATAEKVFKQYANDNGVDGEWTYDDATKTFTVTE
N08A,-0.2819,MTYKLILAGKTLKGETTTEAVDAATAEKVFKQYANDNGVDGEWTYDDATKTFTVTE
N08E,-0.007481,MTYKLILEGKTLKGETTTEAVDAATAEKVFKQYANDNGVDGEWTYDDATKTFTVTE
N08G,-0.8506,MTYKLILGGKTLKGETTTEAVDAATAEKVFKQYANDNGVDGEWTYDDATKTFTVTE
N08I,0.5593,MTYKLILIGKTLKGETTTEAVDAATAEKVFKQYANDNGVDGEWTYDDATKTFTVTE
N08M,0.3651,MTYKLILMGKTLKGETTTEAVDAATAEKVFKQYANDNGVDGEWTYDDATKTFTVTE
N08P,-1.448,MTYKLILPGKTLKGETTTEAVDAATAEKVFKQYANDNGVDGEWTYDDATKTFTVTE
N08Q,0.2871,MTYKLILQGKTLKGETTTEAVDAATAEKVFKQYANDNGVDGEWTYDDATKTFTVTE
N08R,0.6361,MTYKLILRGKTLKGETTTEAVDAATAEKVFKQYANDNGVDGEWTYDDATKTFTVTE
N08S,-0.04427,MTYKLILSGKTLKGETTTEAVDAATAEKVFKQYANDNGVDGEWTYDDATKTFTVTE
N08T,-0.6143,MTYKLILTGKTLKGETTTEAVDAATAEKVFKQYANDNGVDGEWTYDDATKTFTVTE
N08V,0.1292,MTYKLILVGKTLKGETTTEAVDAATAEKVFKQYANDNGVDGEWTYDDATKTFTVTE
N08Y,0.2102,MTYKLILYGKTLKGETTTEAVDAATAEKVFKQYANDNGVDGEWTYDDATKTFTVTE
N35A,0.5888,MTYKLILNGKTLKGETTTEAVDAATAEKVFKQYAADNGVDGEWTYDDATKTFTVTE
N35D,0.1644,MTYKLILNGKTLKGETTTEAVDAATAEKVFKQYADDNGVDGEWTYDDATKTFTVTE
N35E,0.7452,MTYKLILNGKTLKGETTTEAVDAATAEKVFKQYAEDNGVDGEWTYDDATKTFTVTE
N35F,1.001,MTYKLILNGKTLKGETTTEAVDAATAEKVFKQYAFDNGVDGEWTYDDATKTFTVTE
N35G,0.1065,MTYKLILNGKTLKGETTTEAVDAATAEKVFKQYAGDNGVDGEWTYDDATKTFTVTE
N35H,0.03699,MTYKLILNGKTLKGETTTEAVDAATAEKVFKQYAHDNGVDGEWTYDDATKTFTVTE
N35I,0.6808,MTYKLILNGKTLKGETTTEAVDAATAEKVFKQYAIDNGVDGEWTYDDATKTFTVTE
N35K,1.043,MTYKLILNGKTLKGETTTEAVDAATAEKVFKQYAKDNGVDGEWTYDDATKTFTVTE
N35L,0.8509,MTYKLILNGKTLKGETTTEAVDAATAEKVFKQYALDNGVDGEWTYDDATKTFTVTE
N35Q,0.8364,MTYKLILNGKTLKGETTTEAVDAATAEKVFKQYAQDNGVDGEWTYDDATKTFTVTE
N35R,0.3325,MTYKLILNGKTLKGETTTEAVDAATAEKVFKQYARDNGVDGEWTYDDATKTFTVTE
N35V,0.4245,MTYKLILNGKTLKGETTTEAVDAATAEKVFKQYAVDNGVDGEWTYDDATKTFTVTE
N35Y,0.9328,MTYKLILNGKTLKGETTTEAVDAATAEKVFKQYAYDNGVDGEWTYDDATKTFTVTE
N37E,0.003751,MTYKLILNGKTLKGETTTEAVDAATAEKVFKQYANDEGVDGEWTYDDATKTFTVTE
N37F,1.005,MTYKLILNGKTLKGETTTEAVDAATAEKVFKQYANDFGVDGEWTYDDATKTFTVTE
N37G,-0.9364,MTYKLILNGKTLKGETTTEAVDAATAEKVFKQYANDGGVDGEWTYDDATKTFTVTE
N37H,0.6965,MTYKLILNGKTLKGETTTEAVDAATAEKVFKQYANDHGVDGEWTYDDATKTFTVTE
N37K,1.018,MTYKLILNGKTLKGETTTEAVDAATAEKVFKQYANDKGVDGEWTYDDATKTFTVTE
N37L,0.9543,MTYKLILNGKTLKGETTTEAVDAATAEKVFKQYANDLGVDGEWTYDDATKTFTVTE
N37M,0.3042,MTYKLILNGKTLKGETTTEAVDAATAEKVFKQYANDMGVDGEWTYDDATKTFTVTE
N37P,-3.694,MTYKLILNGKTLKGETTTEAVDAATAEKVFKQYANDPGVDGEWTYDDATKTFTVTE
N37Q,0.9441,MTYKLILNGKTLKGETTTEAVDAATAEKVFKQYANDQGVDGEWTYDDATKTFTVTE
N37R,0.4179,MTYKLILNGKTLKGETTTEAVDAATAEKVFKQYANDRGVDGEWTYDDATKTFTVTE
N37S,0.2243,MTYKLILNGKTLKGETTTEAVDAATAEKVFKQYANDSGVDGEWTYDDATKTFTVTE
N37T,0.08425,MTYKLILNGKTLKGETTTEAVDAATAEKVFKQYANDTGVDGEWTYDDATKTFTVTE
N37V,0.4774,MTYKLILNGKTLKGETTTEAVDAATAEKVFKQYANDVGVDGEWTYDDATKTFTVTE
Q32A,0.1613,MTYKLILNGKTLKGETTTEAVDAATAEKVFKAYANDNGVDGEWTYDDATKTFTVTE
Q32D,0.04907,MTYKLILNGKTLKGETTTEAVDAATAEKVFKDYANDNGVDGEWTYDDATKTFTVTE
Q32E,0.3816,MTYKLILNGKTLKGETTTEAVDAATAEKVFKEYANDNGVDGEWTYDDATKTFTVTE
Q32F,-0.3163,MTYKLILNGKTLKGETTTEAVDAATAEKVFKFYANDNGVDGEWTYDDATKTFTVTE
Q32G,-0.419,MTYKLILNGKTLKGETTTEAVDAATAEKVFKGYANDNGVDGEWTYDDATKTFTVTE
Q32I,0.1103,MTYKLILNGKTLKGETTTEAVDAATAEKVFKIYANDNGVDGEWTYDDATKTFTVTE
Q32K,0.5808,MTYKLILNGKTLKGETTTEAVDAATAEKVFKKYANDNGVDGEWTYDDATKTFTVTE
Q32L,0.1403,MTYKLILNGKTLKGETTTEAVDAATAEKVFKLYANDNGVDGEWTYDDATKTFTVTE
Q32M,0.4955,MTYKLILNGKTLKGETTTEAVDAATAEKVFKMYANDNGVDGEWTYDDATKTFTVTE
Q32N,-0.01396,MTYKLILNGKTLKGETTTEAVDAATAEKVFKNYANDNGVDGEWTYDDATKTFTVTE
Q32P,0.6124,MTYKLILNGKTLKGETTTEAVDAATAEKVFKPYANDNGVDGEWTYDDATKTFTVTE
Q32R,0.3876,MTYKLILNGKTLKGETTTEAVDAATAEKVFKRYANDNGVDGEWTYDDATKTFTVTE
Q32S,0.2027,MTYKLILNGKTLKGETTTEAVDAATAEKVFKSYANDNGVDGEWTYDDATKTFTVTE
Q32T,0.3186,MTYKLILNGKTLKGETTTEAVDAATAEKVFKTYANDNGVDGEWTYDDATKTFTVTE
Q32Y,-0.3905,MTYKLILNGKTLKGETTTEAVDAATAEKVFKYYANDNGVDGEWTYDDATKTFTVTE
T02D,-0.5538,MDYKLILNGKTLKGETTTEAVDAATAEKVFKQYANDNGVDGEWTYDDATKTFTVTE
T02E,0.1299,MEYKLILNGKTLKGETTTEAVDAATAEKVFKQYANDNGVDGEWTYDDATKTFTVTE
T02F,0.3008,MFYKLILNGKTLKGETTTEAVDAATAEKVFKQYANDNGVDGEWTYDDATKTFTVTE
T02G,-0.668,MGYKLILNGKTLKGETTTEAVDAATAEKVFKQYANDNGVDGEWTYDDATKTFTVTE
T02H,-0.1303,MHYKLILNGKTLKGETTTEAVDAATAEKVFKQYANDNGVDGEWTYDDATKTFTVTE
T02I,1.004,MIYKLILNGKTLKGETTTEAVDAATAEKVFKQYANDNGVDGEWTYDDATKTFTVTE
T02K,0.305,MKYKLILNGKTLKGETTTEAVDAATAEKVFKQYANDNGVDGEWTYDDATKTFTVTE
T02L,0.5417,MLYKLILNGKTLKGETTTEAVDAATAEKVFKQYANDNGVDGEWTYDDATKTFTVTE
T02P,-0.2721,MPYKLILNGKTLKGETTTEAVDAATAEKVFKQYANDNGVDGEWTYDDATKTFTVTE
T02Q,0.3391,MQYKLILNGKTLKGETTTEAVDAATAEKVFKQYANDNGVDGEWTYDDATKTFTVTE
T02S,0.05817,MSYKLILNGKTLKGETTTEAVDAATAEKVFKQYANDNGVDGEWTYDDATKTFTVTE
T02V,1.309,MVYKLILNGKTLKGETTTEAVDAATAEKVFKQYANDNGVDGEWTYDDATKTFTVTE
T02Y,0.1476,MYYKLILNGKTLKGETTTEAVDAATAEKVFKQYANDNGVDGEWTYDDATKTFTVTE
T11A,0.2394,MTYKLILNGKALKGETTTEAVDAATAEKVFKQYANDNGVDGEWTYDDATKTFTVTE
T11D,0.4589,MTYKLILNGKDLKGETTTEAVDAATAEKVFKQYANDNGVDGEWTYDDATKTFTVTE
T11F,0.7639,MTYKLILNGKFLKGETTTEAVDAATAEKVFKQYANDNGVDGEWTYDDATKTFTVTE
T11G,-0.01076,MTYKLILNGKGLKGETTTEAVDAATAEKVFKQYANDNGVDGEWTYDDATKTFTVTE
T11H,0.4212,MTYKLILNGKHLKGETTTEAVDAATAEKVFKQYANDNGVDGEWTYDDATKTFTVTE
T11I,0.5619,MTYKLILNGKILKGETTTEAVDAATAEKVFKQYANDNGVDGEWTYDDATKTFTVTE
T11K,0.351,MTYKLILNGKKLKGETTTEAVDAATAEKVFKQYANDNGVDGEWTYDDATKTFTVTE
T11P,-1.028,MTYKLILNGKPLKGETTTEAVDAATAEKVFKQYANDNGVDGEWTYDDATKTFTVTE
T11Q,0.5916,MTYKLILNGKQLKGETTTEAVDAATAEKVFKQYANDNGVDGEWTYDDATKTFTVTE
T11R,0.3921,MTYKLILNGKRLKGETTTEAVDAATAEKVFKQYANDNGVDGEWTYDDATKTFTVTE
T11V,0.5362,MTYKLILNGKVLKGETTTEAVDAATAEKVFKQYANDNGVDGEWTYDDATKTFTVTE
T11Y,0.2982,MTYKLILNGKYLKGETTTEAVDAATAEKVFKQYANDNGVDGEWTYDDATKTFTVTE
T16A,0.2635,MTYKLILNGKTLKGEATTEAVDAATAEKVFKQYANDNGVDGEWTYDDATKTFTVTE
T16D,-1.038,MTYKLILNGKTLKGEDTTEAVDAATAEKVFKQYANDNGVDGEWTYDDATKTFTVTE
T16E,-0.2312,MTYKLILNGKTLKGEETTEAVDAATAEKVFKQYANDNGVDGEWTYDDATKTFTVTE
T16G,-1.21,MTYKLILNGKTLKGEGTTEAVDAATAEKVFKQYANDNGVDGEWTYDDATKTFTVTE
T16H,0.5104,MTYKLILNGKTLKGEHTTEAVDAATAEKVFKQYANDNGVDGEWTYDDATKTFTVTE
T16I,1.011,MTYKLILNGKTLKGEITTEAVDAATAEKVFKQYANDNGVDGEWTYDDATKTFTVTE
T16K,0.3184,MTYKLILNGKTLKGEKTTEAVDAATAEKVFKQYANDNGVDGEWTYDDATKTFTVTE
T16L,0.9691,MTYKLILNGKTLKGELTTEAVDAATAEKVFKQYANDNGVDGEWTYDDATKTFTVTE
T16N,-0.1421,MTYKLILNGKTLKGENTTEAVDAATAEKVFKQYANDNGVDGEWTYDDATKTFTVTE
T16Q,0.3266,MTYKLILNGKTLKGEQTTEAVDAATAEKVFKQYANDNGVDGEWTYDDATKTFTVTE
T16R,0.5506,MTYKLILNGKTLKGERTTEAVDAATAEKVFKQYANDNGVDGEWTYDDATKTFTVTE
T16S,0.007023,MTYKLILNGKTLKGESTTEAVDAATAEKVFKQYANDNGVDGEWTYDDATKTFTVTE
T16V,0.5015,MTYKLILNGKTLKGEVTTEAVDAATAEKVFKQYANDNGVDGEWTYDDATKTFTVTE
T16Y,1.313,MTYKLILNGKTLKGEYTTEAVDAATAEKVFKQYANDNGVDGEWTYDDATKTFTVTE
T17A,-0.2098,MTYKLILNGKTLKGETATEAVDAATAEKVFKQYANDNGVDGEWTYDDATKTFTVTE
T17D,-0.3162,MTYKLILNGKTLKGETDTEAVDAATAEKVFKQYANDNGVDGEWTYDDATKTFTVTE
T17E,0.3336,MTYKLILNGKTLKGETETEAVDAATAEKVFKQYANDNGVDGEWTYDDATKTFTVTE
T17F,0.6827,MTYKLILNGKTLKGETFTEAVDAATAEKVFKQYANDNGVDGEWTYDDATKTFTVTE
T17G,-1.053,MTYKLILNGKTLKGETGTEAVDAATAEKVFKQYANDNGVDGEWTYDDATKTFTVTE
T17H,-0.04852,MTYKLILNGKTLKGETHTEAVDAATAEKVFKQYANDNGVDGEWTYDDATKTFTVTE
T17I,0.05838,MTYKLILNGKTLKGETITEAVDAATAEKVFKQYANDNGVDGEWTYDDATKTFTVTE
T17L,-0.06769,MTYKLILNGKTLKGETLTEAVDAATAEKVFKQYANDNGVDGEWTYDDATKTFTVTE
T17M,0.05629,MTYKLILNGKTLKGETMTEAVDAATAEKVFKQYANDNGVDGEWTYDDATKTFTVTE
T17N,-0.1293,MTYKLILNGKTLKGETNTEAVDAATAEKVFKQYANDNGVDGEWTYDDATKTFTVTE
T17P,-2.084,MTYKLILNGKTLKGETPTEAVDAATAEKVFKQYANDNGVDGEWTYDDATKTFTVTE
T17Q,0.2838,MTYKLILNGKTLKGETQTEAVDAATAEKVFKQYANDNGVDGEWTYDDATKTFTVTE
T17R,0.2138,MTYKLILNGKTLKGETRTEAVDAATAEKVFKQYANDNGVDGEWTYDDATKTFTVTE
T17S,0.388,MTYKLILNGKTLKGETSTEAVDAATAEKVFKQYANDNGVDGEWTYDDATKTFTVTE
T17V,0.1832,MTYKLILNGKTLKGETVTEAVDAATAEKVFKQYANDNGVDGEWTYDDATKTFTVTE
T17Y,0.7134,MTYKLILNGKTLKGETYTEAVDAATAEKVFKQYANDNGVDGEWTYDDATKTFTVTE
T18A,0.2213,MTYKLILNGKTLKGETTAEAVDAATAEKVFKQYANDNGVDGEWTYDDATKTFTVTE
T18D,-1.787,MTYKLILNGKTLKGETTDEAVDAATAEKVFKQYANDNGVDGEWTYDDATKTFTVTE
T18F,0.5632,MTYKLILNGKTLKGETTFEAVDAATAEKVFKQYANDNGVDGEWTYDDATKTFTVTE
T18G,-1.735,MTYKLILNGKTLKGETTGEAVDAATAEKVFKQYANDNGVDGEWTYDDATKTFTVTE
T18H,-0.4238,MTYKLILNGKTLKGETTHEAVDAATAEKVFKQYANDNGVDGEWTYDDATKTFTVTE
T18K,-0.9528,MTYKLILNGKTLKGETTKEAVDAATAEKVFKQYANDNGVDGEWTYDDATKTFTVTE
T18L,0.7961,MTYKLILNGKTLKGETTLEAVDAATAEKVFKQYANDNGVDGEWTYDDATKTFTVTE
T18M,0.6229,MTYKLILNGKTLKGETTMEAVDAATAEKVFKQYANDNGVDGEWTYDDATKTFTVTE
T18N,-0.8737,MTYKLILNGKTLKGETTNEAVDAATAEKVFKQYANDNGVDGEWTYDDATKTFTVTE
T18Q,-0.5862,MTYKLILNGKTLKGETTQEAVDAATAEKVFKQYANDNGVDGEWTYDDATKTFTVTE
T18R,-0.442,MTYKLILNGKTLKGETTREAVDAATAEKVFKQYANDNGVDGEWTYDDATKTFTVTE
T18S,-0.778,MTYKLILNGKTLKGETTSEAVDAATAEKVFKQYANDNGVDGEWTYDDATKTFTVTE
T18Y,0.1554,MTYKLILNGKTLKGETTYEAVDAATAEKVFKQYANDNGVDGEWTYDDATKTFTVTE
T25A,0.8545,MTYKLILNGKTLKGETTTEAVDAAAAEKVFKQYANDNGVDGEWTYDDATKTFTVTE
T25D,0.2272,MTYKLILNGKTLKGETTTEAVDAADAEKVFKQYANDNGVDGEWTYDDATKTFTVTE
T25E,0.6153,MTYKLILNGKTLKGETTTEAVDAAEAEKVFKQYANDNGVDGEWTYDDATKTFTVTE
T25F,0.3866,MTYKLILNGKTLKGETTTEAVDAAFAEKVFKQYANDNGVDGEWTYDDATKTFTVTE
T25G,0.1682,MTYKLILNGKTLKGETTTEAVDAAGAEKVFKQYANDNGVDGEWTYDDATKTFTVTE
T25H,0.6744,MTYKLILNGKTLKGETTTEAVDAAHAEKVFKQYANDNGVDGEWTYDDATKTFTVTE
T25I,-0.3458,MTYKLILNGKTLKGETTTEAVDAAIAEKVFKQYANDNGVDGEWTYDDATKTFTVTE
T25K,-0.08343,MTYKLILNGKTLKGETTTEAVDAAKAEKVFKQYANDNGVDGEWTYDDATKTFTVTE
T25L,-0.05998,MTYKLILNGKTLKGETTTEAVDAALAEKVFKQYANDNGVDGEWTYDDATKTFTVTE
T25M,0.2008,MTYKLILNGKTLKGETTTEAVDAAMAEKVFKQYANDNGVDGEWTYDDATKTFTVTE
T25N,0.01742,MTYKLILNGKTLKGETTTEAVDAANAEKVFKQYANDNGVDGEWTYDDATKTFTVTE
T25P,-2.095,MTYKLILNGKTLKGETTTEAVDAAPAEKVFKQYANDNGVDGEWTYDDATKTFTVTE
T25Q,0.4703,MTYKLILNGKTLKGETTTEAVDAAQAEKVFKQYANDNGVDGEWTYDDATKTFTVTE
T25R,0.03177,MTYKLILNGKTLKGETTTEAVDAARAEKVFKQYANDNGVDGEWTYDDATKTFTVTE
T25V,-0.09562,MTYKLILNGKTLKGETTTEAVDAAVAEKVFKQYANDNGVDGEWTYDDATKTFTVTE
T25Y,0.102,MTYKLILNGKTLKGETTTEAVDAAYAEKVFKQYANDNGVDGEWTYDDATKTFTVTE
T44A,0.396,MTYKLILNGKTLKGETTTEAVDAATAEKVFKQYANDNGVDGEWAYDDATKTFTVTE
T44D,-0.06051,MTYKLILNGKTLKGETTTEAVDAATAEKVFKQYANDNGVDGEWDYDDATKTFTVTE
T44E,0.2712,MTYKLILNGKTLKGETTTEAVDAATAEKVFKQYANDNGVDGEWEYDDATKTFTVTE
T44F,0.09238,MTYKLILNGKTLKGETTTEAVDAATAEKVFKQYANDNGVDGEWFYDDATKTFTVTE
T44G,-0.1777,MTYKLILNGKTLKGETTTEAVDAATAEKVFKQYANDNGVDGEWGYDDATKTFTVTE
T44H,0.3065,MTYKLILNGKTLKGETTTEAVDAATAEKVFKQYANDNGVDGEWHYDDATKTFTVTE
T44K,0.2054,MTYKLILNGKTLKGETTTEAVDAATAEKVFKQYANDNGVDGEWKYDDATKTFTVTE
T44L,0.06871,MTYKLILNGKTLKGETTTEAVDAATAEKVFKQYANDNGVDGEWLYDDATKTFTVTE
T44M,-0.1149,MTYKLILNGKTLKGETTTEAVDAATAEKVFKQYANDNGVDGEWMYDDATKTFTVTE
T44N,-0.002354,MTYKLILNGKTLKGETTTEAVDAATAEKVFKQYANDNGVDGEWNYDDATKTFTVTE
T44Q,0.2158,MTYKLILNGKTLKGETTTEAVDAATAEKVFKQYANDNGVDGEWQYDDATKTFTVTE
T44S,0.3613,MTYKLILNGKTLKGETTTEAVDAATAEKVFKQYANDNGVDGEWSYDDATKTFTVTE
T44V,-0.1041,MTYKLILNGKTLKGETTTEAVDAATAEKVFKQYANDNGVDGEWVYDDATKTFTVTE
T44Y,0.4001,MTYKLILNGKTLKGETTTEAVDAATAEKVFKQYANDNGVDGEWYYDDATKTFTVTE
T49D,-0.8437,MTYKLILNGKTLKGETTTEAVDAATAEKVFKQYANDNGVDGEWTYDDADKTFTVTE
T49E,-0.3464,MTYKLILNGKTLKGETTTEAVDAATAEKVFKQYANDNGVDGEWTYDDAEKTFTVTE
T49F,-0.6914,MTYKLILNGKTLKGETTTEAVDAATAEKVFKQYANDNGVDGEWTYDDAFKTFTVTE
T49G,-0.9138,MTYKLILNGKTLKGETTTEAVDAATAEKVFKQYANDNGVDGEWTYDDAGKTFTVTE
T49H,-0.4735,MTYKLILNGKTLKGETTTEAVDAATAEKVFKQYANDNGVDGEWTYDDAHKTFTVTE
T49I,-0.3294,MTYKLILNGKTLKGETTTEAVDAATAEKVFKQYANDNGVDGEWTYDDAIKTFTVTE
T49K,-0.03498,MTYKLILNGKTLKGETTTEAVDAATAEKVFKQYANDNGVDGEWTYDDAKKTFTVTE
T49L,0.205,MTYKLILNGKTLKGETTTEAVDAATAEKVFKQYANDNGVDGEWTYDDALKTFTVTE
T49M,-0.4494,MTYKLILNGKTLKGETTTEAVDAATAEKVFKQYANDNGVDGEWTYDDAMKTFTVTE
T49N,0.07347,MTYKLILNGKTLKGETTTEAVDAATAEKVFKQYANDNGVDGEWTYDDANKTFTVTE
T49Q,-0.389,MTYKLILNGKTLKGETTTEAVDAATAEKVFKQYANDNGVDGEWTYDDAQKTFTVTE
T49R,-0.4665,MTYKLILNGKTLKGETTTEAVDAATAEKVFKQYANDNGVDGEWTYDDARKTFTVTE
T49S,0.1832,MTYKLILNGKTLKGETTTEAVDAATAEKVFKQYANDNGVDGEWTYDDASKTFTVTE
T49V,-0.499,MTYKLILNGKTLKGETTTEAVDAATAEKVFKQYANDNGVDGEWTYDDAVKTFTVTE
T51A,-1.098,MTYKLILNGKTLKGETTTEAVDAATAEKVFKQYANDNGVDGEWTYDDATKAFTVTE
T51D,-3.311,MTYKLILNGKTLKGETTTEAVDAATAEKVFKQYANDNGVDGEWTYDDATKDFTVTE
T51H,-2.158,MTYKLILNGKTLKGETTTEAVDAATAEKVFKQYANDNGVDGEWTYDDATKHFTVTE
T51I,-0.3024,MTYKLILNGKTLKGETTTEAVDAATAEKVFKQYANDNGVDGEWTYDDATKIFTVTE
T51K,-1.384,MTYKLILNGKTLKGETTTEAVDAATAEKVFKQYANDNGVDGEWTYDDATKKFTVTE
T51L,-1.049,MTYKLILNGKTLKGETTTEAVDAATAEKVFKQYANDNGVDGEWTYDDATKLFTVTE
T51M,-0.9797,MTYKLILNGKTLKGETTTEAVDAATAEKVFKQYANDNGVDGEWTYDDATKMFTVTE
T51N,-2.194,MTYKLILNGKTLKGETTTEAVDAATAEKVFKQYANDNGVDGEWTYDDATKNFTVTE
T51Q,-1.033,MTYKLILNGKTLKGETTTEAVDAATAEKVFKQYANDNGVDGEWTYDDATKQFTVTE
T51R,-1.846,MTYKLILNGKTLKGETTTEAVDAATAEKVFKQYANDNGVDGEWTYDDATKRFTVTE
T51S,-0.6244,MTYKLILNGKTLKGETTTEAVDAATAEKVFKQYANDNGVDGEWTYDDATKSFTVTE
T51Y,-1.635,MTYKLILNGKTLKGETTTEAVDAATAEKVFKQYANDNGVDGEWTYDDATKYFTVTE
T53A,-1.182,MTYKLILNGKTLKGETTTEAVDAATAEKVFKQYANDNGVDGEWTYDDATKTFAVTE
T53D,-1.704,MTYKLILNGKTLKGETTTEAVDAATAEKVFKQYANDNGVDGEWTYDDATKTFDVTE
T53E,-0.2464,MTYKLILNGKTLKGETTTEAVDAATAEKVFKQYANDNGVDGEWTYDDATKTFEVTE
T53F,-0.01734,MTYKLILNGKTLKGETTTEAVDAATAEKVFKQYANDNGVDGEWTYDDATKTFFVTE
T53H,-0.9795,MTYKLILNGKTLKGETTTEAVDAATAEKVFKQYANDNGVDGEWTYDDATKTFHVTE
T53I,-0.0538,MTYKLILNGKTLKGETTTEAVDAATAEKVFKQYANDNGVDGEWTYDDATKTFIVTE
T53N,-0.6512,MTYKLILNGKTLKGETTTEAVDAATAEKVFKQYANDNGVDGEWTYDDATKTFNVTE
T53Q,-0.3506,MTYKLILNGKTLKGETTTEAVDAATAEKVFKQYANDNGVDGEWTYDDATKTFQVTE
T53R,-0.2691,MTYKLILNGKTLKGETTTEAVDAATAEKVFKQYANDNGVDGEWTYDDATKTFRVTE
T53S,-0.4351,MTYKLILNGKTLKGETTTEAVDAATAEKVFKQYANDNGVDGEWTYDDATKTFSVTE
T53V,-0.1104,MTYKLILNGKTLKGETTTEAVDAATAEKVFKQYANDNGVDGEWTYDDATKTFVVTE
T55A,-0.7046,MTYKLILNGKTLKGETTTEAVDAATAEKVFKQYANDNGVDGEWTYDDATKTFTVAE
T55D,-0.3296,MTYKLILNGKTLKGETTTEAVDAATAEKVFKQYANDNGVDGEWTYDDATKTFTVDE
T55E,-0.3561,MTYKLILNGKTLKGETTTEAVDAATAEKVFKQYANDNGVDGEWTYDDATKTFTVEE
T55F,-0.1949,MTYKLILNGKTLKGETTTEAVDAATAEKVFKQYANDNGVDGEWTYDDATKTFTVFE
T55G,-0.981,MTYKLILNGKTLKGETTTEAVDAATAEKVFKQYANDNGVDGEWTYDDATKTFTVGE
T55H,-0.662,MTYKLILNGKTLKGETTTEAVDAATAEKVFKQYANDNGVDGEWTYDDATKTFTVHE
T55I,-0.2417,MTYKLILNGKTLKGETTTEAVDAATAEKVFKQYANDNGVDGEWTYDDATKTFTVIE
T55K,-0.637,MTYKLILNGKTLKGETTTEAVDAATAEKVFKQYANDNGVDGEWTYDDATKTFTVKE
T55L,-0.2955,MTYKLILNGKTLKGETTTEAVDAATAEKVFKQYANDNGVDGEWTYDDATKTFTVLE
T55M,-0.4753,MTYKLILNGKTLKGETTTEAVDAATAEKVFKQYANDNGVDGEWTYDDATKTFTVME
T55N,0.3415,MTYKLILNGKTLKGETTTEAVDAATAEKVFKQYANDNGVDGEWTYDDATKTFTVNE
T55Q,-0.03916,MTYKLILNGKTLKGETTTEAVDAATAEKVFKQYANDNGVDGEWTYDDATKTFTVQE
T55R,-0.131,MTYKLILNGKTLKGETTTEAVDAATAEKVFKQYANDNGVDGEWTYDDATKTFTVRE
T55S,0.3475,MTYKLILNGKTLKGETTTEAVDAATAEKVFKQYANDNGVDGEWTYDDATKTFTVSE
T55V,-0.2301,MTYKLILNGKTLKGETTTEAVDAATAEKVFKQYANDNGVDGEWTYDDATKTFTVVE
V21D,0.4596,MTYKLILNGKTLKGETTTEADDAATAEKVFKQYANDNGVDGEWTYDDATKTFTVTE
V21E,0.7594,MTYKLILNGKTLKGETTTEAEDAATAEKVFKQYANDNGVDGEWTYDDATKTFTVTE
V21F,1.099,MTYKLILNGKTLKGETTTEAFDAATAEKVFKQYANDNGVDGEWTYDDATKTFTVTE
V21G,0.1904,MTYKLILNGKTLKGETTTEAGDAATAEKVFKQYANDNGVDGEWTYDDATKTFTVTE
V21H,0.1943,MTYKLILNGKTLKGETTTEAHDAATAEKVFKQYANDNGVDGEWTYDDATKTFTVTE
V21I,0.543,MTYKLILNGKTLKGETTTEAIDAATAEKVFKQYANDNGVDGEWTYDDATKTFTVTE
V21L,0.4146,MTYKLILNGKTLKGETTTEALDAATAEKVFKQYANDNGVDGEWTYDDATKTFTVTE
V21M,0.5225,MTYKLILNGKTLKGETTTEAMDAATAEKVFKQYANDNGVDGEWTYDDATKTFTVTE
V21N,0.4976,MTYKLILNGKTLKGETTTEANDAATAEKVFKQYANDNGVDGEWTYDDATKTFTVTE
V21P,0.8258,MTYKLILNGKTLKGETTTEAPDAATAEKVFKQYANDNGVDGEWTYDDATKTFTVTE
V21Q,0.2745,MTYKLILNGKTLKGETTTEAQDAATAEKVFKQYANDNGVDGEWTYDDATKTFTVTE
V21R,0.5082,MTYKLILNGKTLKGETTTEARDAATAEKVFKQYANDNGVDGEWTYDDATKTFTVTE
V21S,0.4364,MTYKLILNGKTLKGETTTEASDAATAEKVFKQYANDNGVDGEWTYDDATKTFTVTE
V21T,0.1255,MTYKLILNGKTLKGETTTEATDAATAEKVFKQYANDNGVDGEWTYDDATKTFTVTE
V29A,0.1403,MTYKLILNGKTLKGETTTEAVDAATAEKAFKQYANDNGVDGEWTYDDATKTFTVTE
V29E,0.118,MTYKLILNGKTLKGETTTEAVDAATAEKEFKQYANDNGVDGEWTYDDATKTFTVTE
V29F,0.5923,MTYKLILNGKTLKGETTTEAVDAATAEKFFKQYANDNGVDGEWTYDDATKTFTVTE
V29G,-0.912,MTYKLILNGKTLKGETTTEAVDAATAEKGFKQYANDNGVDGEWTYDDATKTFTVTE
V29H,0.1615,MTYKLILNGKTLKGETTTEAVDAATAEKHFKQYANDNGVDGEWTYDDATKTFTVTE
V29I,0.681,MTYKLILNGKTLKGETTTEAVDAATAEKIFKQYANDNGVDGEWTYDDATKTFTVTE
V29K,0.3326,MTYKLILNGKTLKGETTTEAVDAATAEKKFKQYANDNGVDGEWTYDDATKTFTVTE
V29M,0.1372,MTYKLILNGKTLKGETTTEAVDAATAEKMFKQYANDNGVDGEWTYDDATKTFTVTE
V29P,-2.722,MTYKLILNGKTLKGETTTEAVDAATAEKPFKQYANDNGVDGEWTYDDATKTFTVTE
V29R,0.4376,MTYKLILNGKTLKGETTTEAVDAATAEKRFKQYANDNGVDGEWTYDDATKTFTVTE
V29S,-0.1711,MTYKLILNGKTLKGETTTEAVDAATAEKSFKQYANDNGVDGEWTYDDATKTFTVTE
V29T,0.4142,MTYKLILNGKTLKGETTTEAVDAATAEKTFKQYANDNGVDGEWTYDDATKTFTVTE
V29Y,0.1913,MTYKLILNGKTLKGETTTEAVDAATAEKYFKQYANDNGVDGEWTYDDATKTFTVTE
V39A,-1.181,MTYKLILNGKTLKGETTTEAVDAATAEKVFKQYANDNGADGEWTYDDATKTFTVTE
V39E,-0.273,MTYKLILNGKTLKGETTTEAVDAATAEKVFKQYANDNGEDGEWTYDDATKTFTVTE
V39F,0.6698,MTYKLILNGKTLKGETTTEAVDAATAEKVFKQYANDNGFDGEWTYDDATKTFTVTE
V39G,-2.291,MTYKLILNGKTLKGETTTEAVDAATAEKVFKQYANDNGGDGEWTYDDATKTFTVTE
V39H,-1.566,MTYKLILNGKTLKGETTTEAVDAATAEKVFKQYANDNGHDGEWTYDDATKTFTVTE
V39I,0.9096,MTYKLILNGKTLKGETTTEAVDAATAEKVFKQYANDNGIDGEWTYDDATKTFTVTE
V39L,0.2675,MTYKLILNGKTLKGETTTEAVDAATAEKVFKQYANDNGLDGEWTYDDATKTFTVTE
V39M,-0.2731,MTYKLILNGKTLKGETTTEAVDAATAEKVFKQYANDNGMDGEWTYDDATKTFTVTE
V39P,-2.31,MTYKLILNGKTLKGETTTEAVDAATAEKVFKQYANDNGPDGEWTYDDATKTFTVTE
V39Q,-1.52,MTYKLILNGKTLKGETTTEAVDAATAEKVFKQYANDNGQDGEWTYDDATKTFTVTE
V39S,-1.696,MTYKLILNGKTLKGETTTEAVDAATAEKVFKQYANDNGSDGEWTYDDATKTFTVTE
V39T,-1.281,MTYKLILNGKTLKGETTTEAVDAATAEKVFKQYANDNGTDGEWTYDDATKTFTVTE
V39Y,-0.4204,MTYKLILNGKTLKGETTTEAVDAATAEKVFKQYANDNGYDGEWTYDDATKTFTVTE
V54D,-2.667,MTYKLILNGKTLKGETTTEAVDAATAEKVFKQYANDNGVDGEWTYDDATKTFTDTE
V54I,0.2612,MTYKLILNGKTLKGETTTEAVDAATAEKVFKQYANDNGVDGEWTYDDATKTFTITE
V54L,-0.07873,MTYKLILNGKTLKGETTTEAVDAATAEKVFKQYANDNGVDGEWTYDDATKTFTLTE
V54M,-0.6845,MTYKLILNGKTLKGETTTEAVDAATAEKVFKQYANDNGVDGEWTYDDATKTFTMTE
V54Q,-2.905,MTYKLILNGKTLKGETTTEAVDAATAEKVFKQYANDNGVDGEWTYDDATKTFTQTE
V54S,-1.542,MTYKLILNGKTLKGETTTEAVDAATAEKVFKQYANDNGVDGEWTYDDATKTFTSTE
V54T,-1.676,MTYKLILNGKTLKGETTTEAVDAATAEKVFKQYANDNGVDGEWTYDDATKTFTTTE
V54Y,-1.728,MTYKLILNGKTLKGETTTEAVDAATAEKVFKQYANDNGVDGEWTYDDATKTFTYTE
Y03G,-1.442,MTGKLILNGKTLKGETTTEAVDAATAEKVFKQYANDNGVDGEWTYDDATKTFTVTE
Y03I,-3.293,MTIKLILNGKTLKGETTTEAVDAATAEKVFKQYANDNGVDGEWTYDDATKTFTVTE
Y03K,0.8849,MTKKLILNGKTLKGETTTEAVDAATAEKVFKQYANDNGVDGEWTYDDATKTFTVTE
Y03L,-3.308,MTLKLILNGKTLKGETTTEAVDAATAEKVFKQYANDNGVDGEWTYDDATKTFTVTE
Y03M,-2.602,MTMKLILNGKTLKGETTTEAVDAATAEKVFKQYANDNGVDGEWTYDDATKTFTVTE
Y03R,-1.22,MTRKLILNGKTLKGETTTEAVDAATAEKVFKQYANDNGVDGEWTYDDATKTFTVTE
Y33A,-1.774,MTYKLILNGKTLKGETTTEAVDAATAEKVFKQAANDNGVDGEWTYDDATKTFTVTE
Y33F,0.2852,MTYKLILNGKTLKGETTTEAVDAATAEKVFKQFANDNGVDGEWTYDDATKTFTVTE
Y33G,-3.459,MTYKLILNGKTLKGETTTEAVDAATAEKVFKQGANDNGVDGEWTYDDATKTFTVTE
Y33H,-1.444,MTYKLILNGKTLKGETTTEAVDAATAEKVFKQHANDNGVDGEWTYDDATKTFTVTE
Y33I,-0.1415,MTYKLILNGKTLKGETTTEAVDAATAEKVFKQIANDNGVDGEWTYDDATKTFTVTE
Y33K,-1.525,MTYKLILNGKTLKGETTTEAVDAATAEKVFKQKANDNGVDGEWTYDDATKTFTVTE
Y33L,-0.7223,MTYKLILNGKTLKGETTTEAVDAATAEKVFKQLANDNGVDGEWTYDDATKTFTVTE
Y33N,-1.953,MTYKLILNGKTLKGETTTEAVDAATAEKVFKQNANDNGVDGEWTYDDATKTFTVTE
Y33Q,-1.337,MTYKLILNGKTLKGETTTEAVDAATAEKVFKQQANDNGVDGEWTYDDATKTFTVTE
Y33R,-1.724,MTYKLILNGKTLKGETTTEAVDAATAEKVFKQRANDNGVDGEWTYDDATKTFTVTE
Y33S,-2.087,MTYKLILNGKTLKGETTTEAVDAATAEKVFKQSANDNGVDGEWTYDDATKTFTVTE
Y33V,-0.4381,MTYKLILNGKTLKGETTTEAVDAATAEKVFKQVANDNGVDGEWTYDDATKTFTVTE
Y45F,-0.05214,MTYKLILNGKTLKGETTTEAVDAATAEKVFKQYANDNGVDGEWTFDDATKTFTVTE
Y45I,-2.238,MTYKLILNGKTLKGETTTEAVDAATAEKVFKQYANDNGVDGEWTIDDATKTFTVTE
Y45L,-1.79,MTYKLILNGKTLKGETTTEAVDAATAEKVFKQYANDNGVDGEWTLDDATKTFTVTE
Y45M,-2.494,MTYKLILNGKTLKGETTTEAVDAATAEKVFKQYANDNGVDGEWTMDDATKTFTVTE
Y45R,-2.224,MTYKLILNGKTLKGETTTEAVDAATAEKVFKQYANDNGVDGEWTRDDATKTFTVTE
Y45S,-2.968,MTYKLILNGKTLKGETTTEAVDAATAEKVFKQYANDNGVDGEWTSDDATKTFTVTE
